id,label
27456,13
27457,21
27458,21
27459,13
27460,21
27461,21
27462,21
27463,11
27464,21
27465,21
27466,21
27467,21
27468,21
27469,13
27470,13
27471,13
27472,21
27473,13
27474,13
27475,21
27476,13
27477,13
27478,21
27479,13
27480,21
27481,21
27482,21
27483,21
27484,13
27485,21
27486,21
27487,21
27488,21
27489,21
27490,21
27491,21
27492,21
27493,21
27494,21
27495,14
27496,21
27497,21
27498,21
27499,21
27500,10
27501,21
27502,21
27503,13
27504,21
27505,21
27506,21
27507,21
27508,21
27509,10
27510,21
27511,21
27512,21
27513,9
27514,21
27515,21
27516,21
27517,21
27518,21
27519,21
27520,13
27521,21
27522,21
27523,10
27524,13
27525,13
27526,21
27527,10
27528,21
27529,13
27530,21
27531,21
27532,21
27533,21
27534,13
27535,21
27536,21
27537,13
27538,9
27539,21
27540,21
27541,21
27542,21
27543,21
27544,21
27545,13
27546,13
27547,13
27548,21
27549,13
27550,21
27551,21
27552,14
27553,13
27554,21
27555,21
27556,21
27557,10
27558,10
27559,21
27560,21
27561,13
27562,21
27563,13
27564,21
27565,10
27566,13
27567,21
27568,13
27569,21
27570,10
27571,21
27572,21
27573,21
27574,21
27575,21
27576,8
27577,21
27578,21
27579,13
27580,13
27581,21
27582,21
27583,21
27584,14
27585,21
27586,21
27587,14
27588,11
27589,21
27590,21
27591,21
27592,13
27593,21
27594,21
27595,21
27596,21
27597,14
27598,21
27599,21
27600,21
27601,21
27602,13
27603,21
27604,21
27605,21
27606,13
27607,21
27608,21
27609,21
27610,13
27611,21
27612,10
27613,21
27614,21
27615,21
27616,13
27617,21
27618,21
27619,21
27620,21
27621,21
27622,21
27623,21
27624,21
27625,21
27626,21
27627,21
27628,13
27629,21
27630,21
27631,21
27632,21
27633,21
27634,21
27635,13
27636,21
27637,21
27638,21
27639,21
27640,10
27641,13
27642,21
27643,21
27644,13
27645,21
27646,21
27647,21
27648,13
27649,21
27650,21
27651,21
27652,21
27653,13
27654,21
27655,21
27656,21
27657,21
27658,21
27659,21
27660,21
27661,13
27662,21
27663,21
27664,21
27665,13
27666,21
27667,13
27668,13
27669,21
27670,21
27671,13
27672,13
27673,21
27674,13
27675,21
27676,11
27677,21
27678,21
27679,21
27680,21
27681,13
27682,9
27683,21
27684,21
27685,21
27686,21
27687,21
27688,21
27689,21
27690,21
27691,13
27692,21
27693,21
27694,21
27695,21
27696,21
27697,21
27698,21
27699,21
27700,21
27701,21
27702,21
27703,13
27704,21
27705,21
27706,21
27707,13
27708,21
27709,21
27710,21
27711,13
27712,21
27713,21
27714,13
27715,21
27716,17
27717,13
27718,21
27719,21
27720,21
27721,21
27722,21
27723,21
27724,13
27725,8
27726,21
27727,21
27728,21
27729,21
27730,21
27731,13
27732,21
27733,13
27734,13
27735,21
27736,21
27737,13
27738,19
27739,21
27740,21
27741,13
27742,13
27743,21
27744,21
27745,21
27746,19
27747,13
27748,21
27749,14
27750,21
27751,21
27752,21
27753,21
27754,21
27755,21
27756,13
27757,21
27758,11
27759,21
27760,13
27761,13
27762,13
27763,21
27764,21
27765,13
27766,21
27767,13
27768,21
27769,21
27770,21
27771,21
27772,13
27773,21
27774,19
27775,21
27776,21
27777,21
27778,13
27779,21
27780,21
27781,21
27782,21
27783,13
27784,21
27785,21
27786,13
27787,21
27788,21
27789,13
27790,21
27791,21
27792,13
27793,21
27794,21
27795,21
27796,21
27797,13
27798,21
27799,21
27800,21
27801,21
27802,13
27803,21
27804,21
27805,13
27806,21
27807,21
27808,21
27809,21
27810,13
27811,21
27812,21
27813,21
27814,13
27815,21
27816,21
27817,21
27818,17
27819,21
27820,21
27821,21
27822,21
27823,21
27824,21
27825,21
27826,13
27827,21
27828,21
27829,21
27830,14
27831,21
27832,21
27833,21
27834,21
27835,21
27836,13
27837,11
27838,21
27839,21
27840,21
27841,13
27842,21
27843,21
27844,21
27845,21
27846,13
27847,21
27848,21
27849,10
27850,10
27851,21
27852,21
27853,21
27854,21
27855,21
27856,21
27857,13
27858,13
27859,13
27860,21
27861,13
27862,13
27863,13
27864,21
27865,10
27866,21
27867,21
27868,21
27869,13
27870,21
27871,21
27872,21
27873,21
27874,21
27875,13
27876,21
27877,13
27878,21
27879,21
27880,21
27881,21
27882,13
27883,13
27884,21
27885,8
27886,21
27887,21
27888,14
27889,13
27890,13
27891,21
27892,21
27893,21
27894,21
27895,21
27896,21
27897,21
27898,21
27899,21
27900,21
27901,21
27902,21
27903,21
27904,13
27905,17
27906,21
27907,21
27908,13
27909,21
27910,21
27911,15
27912,21
27913,21
27914,21
27915,21
27916,13
27917,21
27918,21
27919,13
27920,13
27921,13
27922,13
27923,21
27924,21
27925,21
27926,21
27927,21
27928,13
27929,21
27930,21
27931,21
27932,21
27933,9
27934,13
27935,13
27936,21
27937,21
27938,13
27939,13
27940,21
27941,13
27942,21
27943,21
27944,21
27945,21
27946,13
27947,13
27948,13
27949,21
27950,21
27951,21
27952,21
27953,21
27954,21
27955,21
27956,17
27957,21
27958,21
27959,21
27960,21
27961,21
27962,21
27963,13
27964,21
27965,13
27966,21
27967,21
27968,21
27969,21
27970,21
27971,13
27972,21
27973,21
27974,21
27975,21
27976,13
27977,13
27978,21
27979,10
27980,13
27981,21
27982,21
27983,21
27984,21
27985,21
27986,21
27987,21
27988,21
27989,21
27990,21
27991,21
27992,21
27993,13
27994,21
27995,21
27996,21
27997,21
27998,13
27999,13
28000,21
28001,21
28002,21
28003,21
28004,21
28005,21
28006,13
28007,10
28008,21
28009,21
28010,21
28011,21
28012,9
28013,13
28014,21
28015,21
28016,21
28017,13
28018,13
28019,13
28020,21
28021,21
28022,21
28023,11
28024,21
28025,21
28026,21
28027,21
28028,21
28029,13
28030,13
28031,21
28032,13
28033,13
28034,21
28035,21
28036,13
28037,10
28038,21
28039,21
28040,21
28041,21
28042,21
28043,13
28044,21
28045,21
28046,21
28047,21
28048,9
28049,21
28050,13
28051,13
28052,21
28053,11
28054,21
28055,13
28056,21
28057,13
28058,21
28059,13
28060,9
28061,13
28062,10
28063,21
28064,13
28065,13
28066,21
28067,21
28068,13
28069,21
28070,21
28071,21
28072,9
28073,21
28074,21
28075,13
28076,21
28077,21
28078,13
28079,21
28080,21
28081,21
28082,13
28083,21
28084,21
28085,21
28086,21
28087,21
28088,21
28089,21
28090,21
28091,21
28092,21
28093,21
28094,21
28095,10
28096,21
28097,21
28098,13
28099,21
28100,21
28101,21
28102,13
28103,21
28104,21
28105,21
28106,14
28107,17
28108,21
28109,13
28110,21
28111,21
28112,21
28113,21
28114,21
28115,21
28116,21
28117,13
28118,13
28119,21
28120,21
28121,21
28122,21
28123,21
28124,21
28125,21
28126,13
28127,10
28128,21
28129,13
28130,21
28131,21
28132,21
28133,21
28134,21
28135,13
28136,21
28137,21
28138,13
28139,21
28140,21
28141,21
28142,21
28143,17
28144,21
28145,21
28146,21
28147,21
28148,21
28149,21
28150,21
28151,21
28152,21
28153,21
28154,21
28155,13
28156,21
28157,21
28158,13
28159,17
28160,21
28161,21
28162,21
28163,13
28164,21
28165,21
28166,21
28167,13
28168,21
28169,13
28170,21
28171,21
28172,21
28173,21
28174,13
28175,21
28176,21
28177,21
28178,21
28179,13
28180,13
28181,21
28182,21
28183,21
28184,21
28185,21
28186,21
28187,21
28188,21
28189,13
28190,9
28191,21
28192,21
28193,21
28194,13
28195,21
28196,21
28197,13
28198,21
28199,21
28200,21
28201,21
28202,21
28203,13
28204,13
28205,21
28206,21
28207,13
28208,21
28209,21
28210,21
28211,21
28212,21
28213,21
28214,21
28215,21
28216,13
28217,21
28218,21
28219,21
28220,21
28221,11
28222,21
28223,21
28224,21
28225,13
28226,21
28227,21
28228,21
28229,21
28230,19
28231,21
28232,21
28233,21
28234,21
28235,21
28236,13
28237,21
28238,21
28239,21
28240,21
28241,21
28242,21
28243,21
28244,21
28245,13
28246,21
28247,21
28248,13
28249,21
28250,21
28251,17
28252,21
28253,21
28254,21
28255,21
28256,21
28257,13
28258,21
28259,21
28260,21
28261,10
28262,21
28263,21
28264,21
28265,21
28266,13
28267,21
28268,21
28269,21
28270,13
28271,21
28272,13
28273,21
28274,21
28275,21
28276,13
28277,21
28278,13
28279,21
28280,21
28281,21
28282,13
28283,21
28284,21
28285,13
28286,21
28287,13
28288,13
28289,13
28290,21
28291,21
28292,21
28293,21
28294,21
28295,21
28296,21
28297,21
28298,21
28299,21
28300,21
28301,13
28302,21
28303,21
28304,13
28305,21
28306,21
28307,21
28308,21
28309,21
28310,21
28311,13
28312,13
28313,13
28314,21
28315,21
28316,21
28317,21
28318,21
28319,13
28320,21
28321,21
28322,13
28323,21
28324,21
28325,21
28326,13
28327,21
28328,13
28329,13
28330,13
28331,21
28332,21
28333,21
28334,13
28335,21
28336,21
28337,21
28338,13
28339,21
28340,21
28341,13
28342,21
28343,21
28344,21
28345,21
28346,21
28347,21
28348,21
28349,21
28350,21
28351,21
28352,13
28353,19
28354,21
28355,21
28356,21
28357,21
28358,21
28359,13
28360,21
28361,17
28362,10
28363,21
28364,13
28365,10
28366,21
28367,21
28368,21
28369,21
28370,21
28371,13
28372,13
28373,21
28374,21
28375,21
28376,21
28377,21
28378,21
28379,21
28380,21
28381,21
28382,21
28383,21
28384,13
28385,10
28386,21
28387,21
28388,21
28389,21
28390,13
28391,21
28392,17
28393,13
28394,21
28395,21
28396,21
28397,21
28398,21
28399,21
28400,21
28401,21
28402,14
28403,21
28404,21
28405,21
28406,21
28407,21
28408,21
28409,21
28410,13
28411,8
28412,14
28413,21
28414,21
28415,13
28416,21
28417,21
28418,21
28419,21
28420,21
28421,21
28422,21
28423,13
28424,21
28425,21
28426,13
28427,13
28428,21
28429,21
28430,21
28431,21
28432,10
28433,21
28434,21
28435,13
28436,21
28437,13
28438,21
28439,21
28440,13
28441,21
28442,21
28443,21
28444,9
28445,21
28446,21
28447,21
28448,10
28449,21
28450,21
28451,21
28452,21
28453,11
28454,21
28455,21
28456,21
28457,21
28458,21
28459,13
28460,13
28461,21
28462,13
28463,21
28464,21
28465,21
28466,21
28467,21
28468,13
28469,21
28470,21
28471,21
28472,13
28473,21
28474,21
28475,13
28476,21
28477,21
28478,21
28479,21
28480,21
28481,10
28482,21
28483,21
28484,21
28485,21
28486,13
28487,21
28488,21
28489,13
28490,21
28491,21
28492,21
28493,21
28494,13
28495,21
28496,21
28497,21
28498,21
28499,21
28500,13
28501,21
28502,21
28503,13
28504,13
28505,21
28506,21
28507,21
28508,21
28509,21
28510,17
28511,13
28512,21
28513,13
28514,13
28515,13
28516,13
28517,13
28518,21
28519,13
28520,21
28521,21
28522,21
28523,21
28524,21
28525,13
28526,21
28527,21
28528,21
28529,15
28530,13
28531,13
28532,13
28533,21
28534,13
28535,13
28536,13
28537,21
28538,13
28539,21
28540,21
28541,21
28542,13
28543,21
28544,21
28545,21
28546,21
28547,21
28548,13
28549,21
28550,21
28551,21
28552,21
28553,21
28554,13
28555,21
28556,21
28557,21
28558,21
28559,13
28560,21
28561,21
28562,13
28563,21
28564,21
28565,21
28566,21
28567,21
28568,21
28569,13
28570,13
28571,21
28572,21
28573,21
28574,21
28575,13
28576,21
28577,21
28578,13
28579,21
28580,13
28581,21
28582,21
28583,20
28584,21
28585,21
28586,21
28587,21
28588,21
28589,21
28590,21
28591,13
28592,13
28593,10
28594,13
28595,19
28596,21
28597,21
28598,21
28599,21
28600,21
28601,13
28602,13
28603,21
28604,10
28605,21
28606,21
28607,10
28608,21
28609,21
28610,21
28611,13
28612,21
28613,21
28614,21
28615,13
28616,21
28617,13
28618,13
28619,21
28620,21
28621,21
28622,21
28623,21
28624,21
28625,21
28626,21
28627,21
28628,21
28629,21
28630,13
28631,21
28632,21
28633,10
28634,21
28635,10
28636,21
28637,21
28638,13
28639,21
28640,21
28641,21
28642,21
28643,21
28644,13
28645,21
28646,13
28647,21
28648,13
28649,21
28650,21
28651,21
28652,21
28653,21
28654,21
28655,21
28656,21
28657,21
28658,21
28659,21
28660,13
28661,21
28662,21
28663,21
28664,13
28665,21
28666,21
28667,21
28668,21
28669,21
28670,21
28671,21
28672,21
28673,21
28674,21
28675,21
28676,21
28677,21
28678,21
28679,13
28680,21
28681,21
28682,21
28683,21
28684,21
28685,21
28686,13
28687,21
28688,21
28689,13
28690,13
28691,21
28692,13
28693,13
28694,21
28695,21
28696,13
28697,13
28698,13
28699,21
28700,21
28701,21
28702,21
28703,21
28704,21
28705,21
28706,17
28707,13
28708,21
28709,13
28710,10
28711,21
28712,21
28713,21
28714,21
28715,21
28716,17
28717,21
28718,21
28719,21
28720,21
28721,21
28722,21
28723,21
28724,10
28725,13
28726,13
28727,21
28728,21
28729,21
28730,21
28731,21
28732,21
28733,21
28734,21
28735,21
28736,21
28737,21
28738,21
28739,21
28740,21
28741,21
28742,21
28743,21
28744,15
28745,11
28746,13
28747,21
28748,21
28749,21
28750,21
28751,11
28752,21
28753,21
28754,13
28755,21
28756,21
28757,13
28758,21
28759,13
28760,13
28761,13
28762,13
28763,13
28764,13
28765,21
28766,21
28767,21
28768,13
28769,21
28770,21
28771,21
28772,21
28773,21
28774,21
28775,21
28776,21
28777,21
28778,21
28779,21
28780,21
28781,21
28782,21
28783,13
28784,21
28785,21
28786,21
28787,21
28788,13
28789,21
28790,21
28791,21
28792,13
28793,21
28794,21
28795,21
28796,21
28797,21
28798,12
28799,21
28800,21
28801,21
28802,21
28803,21
28804,21
28805,21
28806,13
28807,21
28808,17
28809,21
28810,21
28811,21
28812,21
28813,21
28814,21
28815,21
28816,21
28817,21
28818,21
28819,21
28820,21
28821,21
28822,21
28823,21
28824,21
28825,21
28826,21
28827,21
28828,13
28829,21
28830,21
28831,13
28832,21
28833,21
28834,21
28835,21
28836,13
28837,21
28838,13
28839,21
28840,13
28841,21
28842,21
28843,21
28844,21
28845,17
28846,21
28847,21
28848,13
28849,21
28850,21
28851,21
28852,21
28853,21
28854,21
28855,21
28856,21
28857,21
28858,21
28859,21
28860,13
28861,21
28862,13
28863,21
28864,21
28865,21
28866,21
28867,21
28868,21
28869,21
28870,21
28871,9
28872,21
28873,21
28874,21
28875,13
28876,21
28877,21
28878,21
28879,21
28880,21
28881,21
28882,21
28883,21
28884,21
28885,13
28886,21
28887,21
28888,13
28889,13
28890,13
28891,21
28892,19
28893,21
28894,21
28895,21
28896,21
28897,21
28898,21
28899,13
28900,21
28901,13
28902,13
28903,17
28904,21
28905,21
28906,13
28907,21
28908,21
28909,13
28910,14
28911,21
28912,21
28913,21
28914,21
28915,13
28916,21
28917,21
28918,21
28919,21
28920,21
28921,21
28922,11
28923,14
28924,13
28925,21
28926,21
28927,21
28928,21
28929,21
28930,21
28931,21
28932,21
28933,21
28934,21
28935,13
28936,13
28937,13
28938,21
28939,21
28940,13
28941,21
28942,21
28943,13
28944,13
28945,13
28946,21
28947,21
28948,13
28949,13
28950,21
28951,13
28952,21
28953,21
28954,21
28955,21
28956,21
28957,21
28958,21
28959,21
28960,21
28961,21
28962,21
28963,21
28964,13
28965,21
28966,21
28967,21
28968,21
28969,21
28970,13
28971,21
28972,13
28973,13
28974,21
28975,21
28976,21
28977,13
28978,21
28979,21
28980,21
28981,21
28982,13
28983,13
28984,10
28985,21
28986,13
28987,21
28988,21
28989,21
28990,21
28991,21
28992,21
28993,21
28994,21
28995,21
28996,11
28997,21
28998,11
28999,13
29000,21
29001,21
29002,21
29003,21
29004,21
29005,21
29006,21
29007,21
29008,21
29009,21
29010,13
29011,21
29012,21
29013,21
29014,21
29015,21
29016,21
29017,21
29018,13
29019,21
29020,21
29021,21
29022,10
29023,13
29024,9
29025,21
29026,21
29027,21
29028,21
29029,21
29030,21
29031,21
29032,21
29033,21
29034,21
29035,21
29036,21
29037,21
29038,21
29039,21
29040,21
29041,21
29042,21
29043,13
29044,21
29045,21
29046,21
29047,13
29048,21
29049,13
29050,14
29051,21
29052,21
29053,21
29054,10
29055,21
29056,21
29057,21
29058,21
29059,21
29060,13
29061,21
29062,21
29063,21
29064,21
29065,21
29066,14
29067,21
29068,13
29069,21
29070,21
29071,13
29072,13
29073,21
29074,21
29075,21
29076,13
29077,21
29078,21
29079,21
29080,21
29081,21
29082,13
29083,13
29084,21
29085,10
29086,10
29087,13
29088,13
29089,21
29090,21
29091,21
29092,21
29093,21
29094,13
29095,21
29096,21
29097,19
29098,13
29099,21
29100,13
29101,21
29102,21
29103,21
29104,21
29105,21
29106,13
29107,21
29108,21
29109,21
29110,21
29111,21
29112,21
29113,14
29114,13
29115,13
29116,21
29117,21
29118,21
29119,21
29120,21
29121,21
29122,21
29123,21
29124,13
29125,21
29126,21
29127,21
29128,21
29129,13
29130,21
29131,21
29132,21
29133,21
29134,13
29135,21
29136,13
29137,13
29138,21
29139,13
29140,13
29141,21
29142,21
29143,21
29144,21
29145,21
29146,21
29147,21
29148,19
29149,21
29150,21
29151,21
29152,21
29153,21
29154,13
29155,13
29156,21
29157,21
29158,21
29159,21
29160,21
29161,21
29162,21
29163,21
29164,9
29165,21
29166,13
29167,21
29168,21
29169,21
29170,13
29171,21
29172,21
29173,21
29174,21
29175,21
29176,21
29177,21
29178,21
29179,21
29180,21
29181,21
29182,13
29183,21
29184,21
29185,21
29186,21
29187,21
29188,21
29189,21
29190,21
29191,21
29192,21
29193,21
29194,21
29195,21
29196,21
29197,13
29198,14
29199,13
29200,21
29201,13
29202,21
29203,21
29204,13
29205,13
29206,13
29207,21
29208,21
29209,21
29210,21
29211,10
29212,10
29213,21
29214,21
29215,21
29216,13
29217,21
29218,21
29219,19
29220,13
29221,13
29222,21
29223,13
29224,13
29225,21
29226,21
29227,21
29228,13
29229,21
29230,21
29231,21
29232,21
29233,21
29234,21
29235,13
29236,21
29237,21
29238,21
29239,21
29240,21
29241,21
29242,21
29243,21
29244,21
29245,21
29246,13
29247,13
29248,21
29249,21
29250,21
29251,21
29252,21
29253,21
29254,21
29255,21
29256,21
29257,13
29258,10
29259,21
29260,21
29261,21
29262,21
29263,21
29264,13
29265,21
29266,13
29267,13
29268,21
29269,13
29270,21
29271,21
29272,13
29273,21
29274,21
29275,21
29276,21
29277,21
29278,21
29279,11
29280,21
29281,21
29282,21
29283,13
29284,21
29285,21
29286,21
29287,21
29288,21
29289,13
29290,21
29291,21
29292,21
29293,21
29294,21
29295,21
29296,21
29297,13
29298,21
29299,21
29300,21
29301,21
29302,13
29303,21
29304,13
29305,21
29306,21
29307,21
29308,21
29309,21
29310,21
29311,13
29312,13
29313,21
29314,13
29315,13
29316,21
29317,13
29318,14
29319,21
29320,21
29321,13
29322,21
29323,13
29324,13
29325,21
29326,21
29327,21
29328,13
29329,13
29330,21
29331,21
29332,13
29333,21
29334,13
29335,21
29336,21
29337,21
29338,21
29339,13
29340,21
29341,21
29342,11
29343,13
29344,13
29345,21
29346,13
29347,21
29348,21
29349,21
29350,21
29351,13
29352,21
29353,21
29354,13
29355,11
29356,21
29357,21
29358,21
29359,21
29360,13
29361,13
29362,13
29363,13
29364,13
29365,21
29366,21
29367,21
29368,21
29369,21
29370,21
29371,21
29372,21
29373,21
29374,13
29375,21
29376,21
29377,21
29378,21
29379,21
29380,21
29381,21
29382,21
29383,21
29384,13
29385,13
29386,21
29387,21
29388,13
29389,13
29390,21
29391,13
29392,21
29393,21
29394,21
29395,21
29396,21
29397,21
29398,11
29399,21
29400,21
29401,13
29402,13
29403,21
29404,13
29405,21
29406,21
29407,21
29408,21
29409,13
29410,21
29411,13
29412,21
29413,21
29414,11
29415,21
29416,21
29417,21
29418,13
29419,21
29420,21
29421,21
29422,21
29423,21
29424,21
29425,21
29426,21
29427,21
29428,13
29429,21
29430,21
29431,21
29432,21
29433,21
29434,21
29435,10
29436,13
29437,21
29438,21
29439,21
29440,13
29441,21
29442,21
29443,21
29444,13
29445,21
29446,13
29447,21
29448,21
29449,21
29450,13
29451,21
29452,21
29453,19
29454,21
29455,11
29456,10
29457,13
29458,21
29459,21
29460,21
29461,9
29462,21
29463,21
29464,21
29465,21
29466,14
29467,13
29468,21
29469,21
29470,21
29471,21
29472,13
29473,21
29474,21
29475,21
29476,10
29477,21
29478,21
29479,21
29480,21
29481,13
29482,13
29483,21
29484,13
29485,13
29486,9
29487,21
29488,21
29489,21
29490,21
29491,13
29492,21
29493,21
29494,21
29495,21
29496,21
29497,21
29498,21
29499,21
29500,21
29501,13
29502,21
29503,11
29504,21
29505,21
29506,21
29507,21
29508,21
29509,21
29510,13
29511,21
29512,14
29513,21
29514,21
29515,21
29516,21
29517,13
29518,21
29519,21
29520,21
29521,21
29522,21
29523,13
29524,13
29525,13
29526,13
29527,13
29528,21
29529,21
29530,21
29531,21
29532,21
29533,21
29534,21
29535,21
29536,21
29537,21
29538,13
29539,21
29540,21
29541,21
29542,21
29543,21
29544,21
29545,21
29546,21
29547,21
29548,21
29549,21
29550,13
29551,13
29552,9
29553,21
29554,21
29555,21
29556,21
29557,21
29558,21
29559,21
29560,21
29561,21
29562,21
29563,21
29564,21
29565,13
29566,21
29567,13
29568,21
29569,21
29570,21
29571,13
29572,21
29573,21
29574,21
29575,13
29576,21
29577,21
29578,21
29579,13
29580,21
29581,21
29582,10
29583,21
29584,21
29585,9
29586,21
29587,21
29588,21
29589,21
29590,21
29591,13
29592,21
29593,21
29594,13
29595,14
29596,21
29597,21
29598,21
29599,13
29600,21
29601,13
29602,21
29603,21
29604,13
29605,21
29606,21
29607,13
29608,21
29609,21
29610,21
29611,21
29612,21
29613,21
29614,21
29615,21
29616,21
29617,8
29618,21
29619,21
29620,21
29621,19
29622,21
29623,21
29624,21
29625,21
29626,21
29627,21
29628,13
29629,21
29630,17
29631,21
29632,13
29633,21
29634,21
29635,14
29636,13
29637,21
29638,21
29639,13
29640,21
29641,13
29642,21
29643,21
29644,13
29645,13
29646,21
29647,21
29648,21
29649,9
29650,21
29651,21
29652,21
29653,13
29654,21
29655,13
29656,13
29657,21
29658,21
29659,21
29660,21
29661,13
29662,21
29663,21
29664,21
29665,21
29666,21
29667,21
29668,21
29669,21
29670,21
29671,21
29672,21
29673,13
29674,21
29675,21
29676,21
29677,11
29678,21
29679,21
29680,13
29681,21
29682,21
29683,21
29684,21
29685,13
29686,21
29687,19
29688,21
29689,13
29690,13
29691,21
29692,13
29693,13
29694,21
29695,21
29696,21
29697,13
29698,21
29699,10
29700,13
29701,13
29702,13
29703,21
29704,21
29705,21
29706,21
29707,21
29708,21
29709,21
29710,21
29711,11
29712,13
29713,13
29714,21
29715,21
29716,13
29717,21
29718,21
29719,21
29720,21
29721,21
29722,21
29723,13
29724,21
29725,21
29726,21
29727,21
29728,10
29729,21
29730,21
29731,21
29732,21
29733,21
29734,13
29735,21
29736,21
29737,13
29738,21
29739,21
29740,10
29741,21
29742,21
29743,21
29744,21
29745,13
29746,13
29747,21
29748,21
29749,21
29750,21
29751,13
29752,21
29753,21
29754,21
29755,13
29756,13
29757,13
29758,21
29759,21
29760,21
29761,21
29762,21
29763,21
29764,21
29765,21
29766,13
29767,21
29768,21
29769,21
29770,13
29771,21
29772,21
29773,13
29774,21
29775,13
29776,9
29777,21
29778,21
29779,21
29780,21
29781,21
29782,21
29783,21
29784,21
29785,21
29786,13
29787,21
29788,14
29789,21
29790,21
29791,21
29792,21
29793,21
29794,21
29795,21
29796,21
29797,21
29798,21
29799,13
29800,21
29801,13
29802,21
29803,21
29804,21
29805,21
29806,13
29807,13
29808,21
29809,21
29810,21
29811,21
29812,21
29813,21
29814,21
29815,13
29816,13
29817,21
29818,13
29819,21
29820,21
29821,21
29822,13
29823,21
29824,21
29825,13
29826,21
29827,21
29828,21
29829,21
29830,21
29831,21
29832,11
29833,21
29834,21
29835,13
29836,13
29837,21
29838,10
29839,13
29840,21
29841,21
29842,21
29843,21
29844,13
29845,13
29846,21
29847,21
29848,21
29849,21
29850,21
29851,21
29852,21
29853,21
29854,10
29855,21
29856,21
29857,21
29858,21
29859,21
29860,21
29861,21
29862,13
29863,21
29864,13
29865,9
29866,21
29867,13
29868,21
29869,21
29870,13
29871,21
29872,21
29873,21
29874,21
29875,21
29876,21
29877,21
29878,21
29879,21
29880,10
29881,21
29882,14
29883,21
29884,21
29885,21
29886,21
29887,21
29888,21
29889,14
29890,21
29891,21
29892,13
29893,21
29894,13
29895,21
29896,21
29897,21
29898,21
29899,13
29900,14
29901,21
29902,21
29903,13
29904,16
29905,14
29906,21
29907,21
29908,21
29909,21
29910,21
29911,21
29912,11
29913,21
29914,13
29915,21
29916,21
29917,21
29918,21
29919,21
29920,21
29921,13
29922,21
29923,21
29924,21
29925,13
29926,13
29927,21
29928,13
29929,21
29930,21
29931,21
29932,13
29933,13
29934,21
29935,21
29936,21
29937,21
29938,21
29939,21
29940,21
29941,21
29942,13
29943,21
29944,13
29945,21
29946,21
29947,21
29948,21
29949,13
29950,17
29951,21
29952,21
29953,21
29954,21
29955,13
29956,21
29957,21
29958,21
29959,13
29960,21
29961,21
29962,13
29963,21
29964,21
29965,21
29966,21
29967,21
29968,21
29969,21
29970,21
29971,13
29972,21
29973,13
29974,21
29975,13
29976,21
29977,13
29978,21
29979,21
29980,21
29981,21
29982,21
29983,13
29984,21
29985,13
29986,13
29987,21
29988,21
29989,21
29990,21
29991,21
29992,13
29993,21
29994,13
29995,21
29996,21
29997,21
29998,21
29999,21
30000,13
30001,21
30002,21
30003,21
30004,21
30005,21
30006,21
30007,21
30008,21
30009,21
30010,21
30011,21
30012,21
30013,21
30014,21
30015,21
30016,21
30017,21
30018,21
30019,21
30020,21
30021,13
30022,21
30023,13
30024,21
30025,21
30026,21
30027,21
30028,21
30029,13
30030,13
30031,13
30032,21
30033,13
30034,21
30035,21
30036,21
30037,21
30038,21
30039,13
30040,13
30041,21
30042,13
30043,21
30044,21
30045,21
30046,21
30047,21
30048,21
30049,21
30050,21
30051,21
30052,21
30053,21
30054,13
30055,21
30056,21
30057,21
30058,21
30059,13
30060,21
30061,14
30062,21
30063,21
30064,21
30065,21
30066,21
30067,13
30068,21
30069,21
30070,21
30071,21
30072,19
30073,21
30074,21
30075,13
30076,21
30077,13
30078,13
30079,21
30080,13
30081,21
30082,21
30083,21
30084,21
30085,13
30086,21
30087,21
30088,21
30089,13
30090,21
30091,21
30092,21
30093,21
30094,13
30095,21
30096,21
30097,21
30098,9
30099,21
30100,14
30101,21
30102,21
30103,21
30104,21
30105,10
30106,21
30107,21
30108,13
30109,13
30110,13
30111,21
30112,21
30113,13
30114,21
30115,21
30116,13
30117,21
30118,21
30119,13
30120,21
30121,21
30122,21
30123,13
30124,21
30125,21
30126,21
30127,21
30128,21
30129,21
30130,21
30131,13
30132,21
30133,13
30134,21
30135,21
30136,13
30137,21
30138,21
30139,13
30140,21
30141,13
30142,13
30143,13
30144,21
30145,21
30146,13
30147,21
30148,13
30149,13
30150,21
30151,21
30152,13
30153,13
30154,13
30155,21
30156,13
30157,21
30158,21
30159,10
30160,21
30161,21
30162,11
30163,21
30164,13
30165,21
30166,21
30167,21
30168,21
30169,21
30170,13
30171,21
30172,21
30173,21
30174,21
30175,21
30176,21
30177,21
30178,21
30179,13
30180,13
30181,21
30182,13
30183,21
30184,21
30185,21
30186,13
30187,13
30188,13
30189,13
30190,21
30191,13
30192,21
30193,13
30194,13
30195,21
30196,13
30197,13
30198,21
30199,13
30200,21
30201,21
30202,21
30203,21
30204,13
30205,21
30206,21
30207,21
30208,21
30209,21
30210,13
30211,13
30212,10
30213,13
30214,21
30215,13
30216,13
30217,21
30218,21
30219,21
30220,21
30221,14
30222,21
30223,13
30224,21
30225,13
30226,21
30227,13
30228,21
30229,21
30230,13
30231,21
30232,21
30233,21
30234,21
30235,21
30236,21
30237,13
30238,21
30239,13
30240,13
30241,14
30242,21
30243,13
30244,21
30245,21
30246,21
30247,21
30248,21
30249,21
30250,21
30251,21
30252,21
30253,13
30254,21
30255,10
30256,13
30257,21
30258,21
30259,21
30260,21
30261,13
30262,21
30263,21
30264,21
30265,13
30266,21
30267,21
30268,21
30269,21
30270,21
30271,21
30272,13
30273,10
30274,10
30275,13
30276,21
30277,21
30278,21
30279,21
30280,13
30281,13
30282,21
30283,13
30284,13
30285,13
30286,21
30287,21
30288,21
30289,21
30290,13
30291,21
30292,13
30293,21
30294,13
30295,21
30296,21
30297,21
30298,21
30299,21
30300,13
30301,13
30302,17
30303,21
30304,21
30305,21
30306,13
30307,13
30308,21
30309,21
30310,21
30311,11
30312,21
30313,21
30314,21
30315,13
30316,21
30317,21
30318,21
30319,13
30320,21
30321,13
30322,21
30323,11
30324,19
30325,21
30326,21
30327,13
30328,21
30329,21
30330,21
30331,21
30332,13
30333,21
30334,21
30335,21
30336,9
30337,21
30338,21
30339,21
30340,13
30341,9
30342,21
30343,13
30344,21
30345,21
30346,21
30347,21
30348,21
30349,13
30350,13
30351,21
30352,21
30353,13
30354,21
30355,13
30356,21
30357,13
30358,13
30359,21
30360,21
30361,13
30362,21
30363,21
30364,13
30365,13
30366,13
30367,13
30368,21
30369,21
30370,21
30371,21
30372,21
30373,21
30374,21
30375,13
30376,13
30377,21
30378,21
30379,21
30380,21
30381,13
30382,21
30383,13
30384,21
30385,13
30386,21
30387,21
30388,21
30389,21
30390,21
30391,21
30392,21
30393,21
30394,21
30395,21
30396,21
30397,21
30398,13
30399,21
30400,10
30401,21
30402,21
30403,21
30404,13
30405,21
30406,21
30407,13
30408,21
30409,13
30410,21
30411,21
30412,13
30413,21
30414,21
30415,21
30416,21
30417,13
30418,21
30419,21
30420,13
30421,13
30422,13
30423,21
30424,21
30425,21
30426,21
30427,21
30428,13
30429,21
30430,14
30431,21
30432,13
30433,21
30434,21
30435,21
30436,21
30437,13
30438,21
30439,21
30440,21
30441,21
30442,21
30443,21
30444,21
30445,21
30446,21
30447,13
30448,21
30449,21
30450,21
30451,21
30452,21
30453,13
30454,13
30455,21
30456,21
30457,21
30458,21
30459,21
30460,21
30461,21
30462,21
30463,13
30464,13
30465,21
30466,13
30467,21
30468,13
30469,13
30470,21
30471,21
30472,21
30473,21
30474,21
30475,21
30476,17
30477,21
30478,13
30479,21
30480,13
30481,21
30482,21
30483,17
30484,21
30485,21
30486,21
30487,21
30488,21
30489,21
30490,21
30491,11
30492,21
30493,21
30494,21
30495,21
30496,21
30497,21
30498,21
30499,21
30500,21
30501,21
30502,21
30503,10
30504,21
30505,21
30506,13
30507,21
30508,21
30509,21
30510,21
30511,21
30512,21
30513,21
30514,19
30515,21
30516,21
30517,21
30518,13
30519,21
30520,13
30521,21
30522,21
30523,21
30524,21
30525,21
30526,13
30527,9
30528,21
30529,21
30530,21
30531,21
30532,13
30533,21
30534,21
30535,21
30536,21
30537,21
30538,21
30539,17
30540,13
30541,21
30542,21
30543,21
30544,21
30545,21
30546,21
30547,13
30548,21
30549,21
30550,21
30551,13
30552,21
30553,21
30554,21
30555,21
30556,13
30557,21
30558,21
30559,21
30560,21
30561,13
30562,11
30563,13
30564,21
30565,13
30566,13
30567,21
30568,21
30569,13
30570,13
30571,10
30572,10
30573,13
30574,21
30575,21
30576,21
30577,13
30578,21
30579,13
30580,21
30581,21
30582,21
30583,21
30584,21
30585,21
30586,13
30587,13
30588,21
30589,21
30590,13
30591,13
30592,21
30593,21
30594,21
30595,21
30596,21
30597,21
30598,13
30599,21
30600,21
30601,21
30602,21
30603,21
30604,21
30605,21
30606,21
30607,21
30608,21
30609,21
30610,21
30611,21
30612,13
30613,13
30614,13
30615,21
30616,21
30617,21
30618,13
30619,21
30620,21
30621,13
30622,21
30623,21
30624,21
30625,21
30626,13
30627,21
30628,21
30629,21
30630,21
30631,21
30632,21
30633,21
30634,21
30635,21
30636,21
30637,21
30638,21
30639,21
30640,13
30641,21
30642,13
30643,9
30644,21
30645,21
30646,13
30647,21
30648,21
30649,21
30650,21
30651,21
30652,13
30653,21
30654,21
30655,13
30656,21
30657,13
30658,21
30659,21
30660,13
30661,21
30662,21
30663,21
30664,21
30665,21
30666,21
30667,21
30668,21
30669,13
30670,13
30671,21
30672,21
30673,21
30674,21
30675,13
30676,11
30677,21
30678,13
30679,21
30680,21
30681,21
30682,21
30683,21
30684,21
30685,13
30686,19
30687,13
30688,21
30689,21
30690,13
30691,21
30692,21
30693,21
30694,13
30695,13
30696,13
30697,21
30698,13
30699,21
30700,21
30701,21
30702,21
30703,21
30704,21
30705,21
30706,21
30707,21
30708,21
30709,21
30710,13
30711,21
30712,21
30713,21
30714,21
30715,21
30716,21
30717,13
30718,21
30719,13
30720,13
30721,14
30722,11
30723,13
30724,13
30725,21
30726,21
30727,21
30728,21
30729,21
30730,21
30731,21
30732,13
30733,14
30734,21
30735,13
30736,13
30737,13
30738,21
30739,21
30740,21
30741,21
30742,21
30743,21
30744,21
30745,10
30746,21
30747,21
30748,21
30749,21
30750,21
30751,21
30752,21
30753,21
30754,13
30755,21
30756,21
30757,13
30758,10
30759,13
30760,13
30761,21
30762,21
30763,13
30764,21
30765,21
30766,21
30767,21
30768,13
30769,21
30770,21
30771,17
30772,13
30773,13
30774,13
30775,21
30776,21
30777,21
30778,14
30779,13
30780,21
30781,13
30782,21
30783,21
30784,21
30785,10
30786,21
30787,21
30788,21
30789,21
30790,17
30791,21
30792,21
30793,13
30794,11
30795,21
30796,21
30797,21
30798,19
30799,21
30800,21
30801,21
30802,13
30803,13
30804,21
30805,21
30806,21
30807,21
30808,21
30809,21
30810,21
30811,21
30812,21
30813,21
30814,13
30815,13
30816,21
30817,21
30818,13
30819,17
30820,21
30821,21
30822,13
30823,21
30824,21
30825,13
30826,21
30827,21
30828,21
30829,21
30830,21
30831,21
30832,21
30833,21
30834,21
30835,21
30836,13
30837,21
30838,21
30839,21
30840,21
30841,21
30842,21
30843,21
30844,21
30845,21
30846,21
30847,21
30848,13
30849,21
30850,21
30851,21
30852,21
30853,13
30854,21
30855,21
30856,21
30857,21
30858,21
30859,21
30860,21
30861,21
30862,21
30863,21
30864,9
30865,13
30866,21
30867,21
30868,21
30869,21
30870,21
30871,21
30872,10
30873,21
30874,21
30875,13
30876,21
30877,21
30878,13
30879,13
30880,21
30881,21
30882,21
30883,21
30884,21
30885,21
30886,13
30887,21
30888,21
30889,21
30890,21
30891,13
30892,21
30893,13
30894,21
30895,13
30896,21
30897,13
30898,21
30899,21
30900,21
30901,21
30902,13
30903,13
30904,21
30905,21
30906,21
30907,21
30908,13
30909,21
30910,13
30911,21
30912,13
30913,21
30914,14
30915,21
30916,13
30917,21
30918,21
30919,21
30920,21
30921,21
30922,21
30923,21
30924,21
30925,21
30926,21
30927,21
30928,13
30929,21
30930,17
30931,21
30932,21
30933,13
30934,21
30935,13
30936,13
30937,21
30938,21
30939,21
30940,21
30941,21
30942,21
30943,21
30944,13
30945,13
30946,21
30947,13
30948,21
30949,21
30950,21
30951,21
30952,21
30953,21
30954,21
30955,13
30956,13
30957,21
30958,21
30959,21
30960,21
30961,21
30962,21
30963,13
30964,21
30965,21
30966,21
30967,21
30968,21
30969,21
30970,21
30971,13
30972,21
30973,17
30974,14
30975,21
30976,21
30977,21
30978,21
30979,21
30980,21
30981,21
30982,13
30983,13
30984,21
30985,21
30986,21
30987,13
30988,21
30989,13
30990,14
30991,21
30992,13
30993,21
30994,21
30995,13
30996,21
30997,21
30998,21
30999,21
31000,13
31001,21
31002,21
31003,21
31004,13
31005,13
31006,14
31007,21
31008,21
31009,21
31010,13
31011,21
31012,21
31013,21
31014,13
31015,10
31016,21
31017,21
31018,21
31019,21
31020,21
31021,13
31022,21
31023,13
31024,21
31025,21
31026,13
31027,21
31028,21
31029,9
31030,13
31031,21
31032,21
31033,21
31034,14
31035,21
31036,13
31037,21
31038,21
31039,21
31040,13
31041,13
31042,21
31043,10
31044,21
31045,21
31046,21
31047,21
31048,21
31049,21
31050,21
31051,21
31052,21
31053,21
31054,21
31055,13
31056,21
31057,17
31058,21
31059,21
31060,21
31061,21
31062,21
31063,13
31064,21
31065,13
31066,21
31067,13
31068,13
31069,21
31070,21
31071,21
31072,21
31073,9
31074,21
31075,21
31076,21
31077,21
31078,21
31079,21
31080,21
31081,21
31082,13
31083,21
31084,13
31085,21
31086,13
31087,21
31088,21
31089,21
31090,21
31091,13
31092,21
31093,21
31094,13
31095,21
31096,21
31097,21
31098,21
31099,21
31100,21
31101,21
31102,21
31103,21
31104,13
31105,21
31106,21
31107,21
31108,13
31109,11
31110,13
31111,13
31112,21
31113,13
31114,21
31115,21
31116,21
31117,21
31118,21
31119,21
31120,17
31121,21
31122,21
31123,13
31124,21
31125,13
31126,13
31127,21
31128,21
31129,21
31130,21
31131,13
31132,21
31133,21
31134,13
31135,21
31136,21
31137,21
31138,21
31139,21
31140,21
31141,21
31142,21
31143,21
31144,13
31145,21
31146,21
31147,13
31148,21
31149,13
31150,13
31151,21
31152,14
31153,21
31154,10
31155,13
31156,21
31157,13
31158,21
31159,21
31160,21
31161,21
31162,21
31163,13
31164,13
31165,21
31166,21
31167,21
31168,21
31169,21
31170,21
31171,21
31172,21
31173,14
31174,21
31175,21
31176,21
31177,13
31178,21
31179,21
31180,13
31181,21
31182,21
31183,21
31184,21
31185,21
31186,21
31187,13
31188,13
31189,21
31190,13
31191,21
31192,21
31193,21
31194,21
31195,21
31196,21
31197,21
31198,13
31199,21
31200,21
31201,21
31202,17
31203,21
31204,21
31205,13
31206,21
31207,21
31208,13
31209,13
31210,21
31211,21
31212,21
31213,10
31214,21
31215,21
31216,13
31217,21
31218,21
31219,21
31220,13
31221,21
31222,13
31223,13
31224,13
31225,21
31226,21
31227,21
31228,13
31229,21
31230,21
31231,21
31232,21
31233,21
31234,13
31235,13
31236,21
31237,21
31238,21
31239,21
31240,13
31241,21
31242,21
31243,13
31244,21
31245,21
31246,21
31247,21
31248,21
31249,21
31250,21
31251,13
31252,21
31253,21
31254,13
31255,21
31256,21
31257,21
31258,21
31259,21
31260,21
31261,13
31262,13
31263,21
31264,21
31265,21
31266,21
31267,21
31268,21
31269,21
31270,21
31271,21
31272,13
31273,21
31274,21
31275,21
31276,21
31277,21
31278,21
31279,21
31280,21
31281,13
31282,13
31283,21
31284,21
31285,21
31286,21
31287,21
31288,13
31289,13
31290,13
31291,21
31292,21
31293,21
31294,21
31295,21
31296,21
31297,21
31298,21
31299,13
31300,21
31301,21
31302,21
31303,21
31304,21
31305,13
31306,21
31307,21
31308,13
31309,21
31310,13
31311,21
31312,13
31313,21
31314,13
31315,13
31316,13
31317,21
31318,21
31319,13
31320,13
31321,21
31322,13
31323,21
31324,21
31325,21
31326,21
31327,13
31328,21
31329,21
31330,13
31331,21
31332,21
31333,21
31334,21
31335,13
31336,13
31337,21
31338,21
31339,21
31340,21
31341,21
31342,21
31343,14
31344,14
31345,21
31346,21
31347,13
31348,21
31349,21
31350,17
31351,21
31352,21
31353,21
31354,13
31355,21
31356,21
31357,21
31358,21
31359,13
31360,21
31361,21
31362,13
31363,21
31364,13
31365,21
31366,13
31367,13
31368,13
31369,21
31370,13
31371,21
31372,21
31373,21
31374,21
31375,10
31376,13
31377,11
31378,21
31379,21
31380,21
31381,13
31382,14
31383,21
31384,21
31385,13
31386,13
31387,21
31388,21
31389,13
31390,21
31391,21
31392,21
31393,11
31394,13
31395,21
31396,13
31397,13
31398,21
31399,21
31400,21
31401,21
31402,21
31403,13
31404,21
31405,21
31406,21
31407,21
31408,13
31409,21
31410,13
31411,13
31412,13
31413,21
31414,21
31415,21
31416,21
31417,21
31418,13
31419,13
31420,10
31421,13
31422,21
31423,13
31424,21
31425,21
31426,21
31427,21
31428,21
31429,21
31430,13
31431,21
31432,21
31433,21
31434,21
31435,21
31436,21
31437,13
31438,21
31439,13
31440,21
31441,21
31442,21
31443,21
31444,21
31445,10
31446,21
31447,13
31448,13
31449,21
31450,21
31451,21
31452,13
31453,17
31454,21
31455,21
31456,21
31457,21
31458,21
31459,21
31460,13
31461,21
31462,21
31463,13
31464,21
31465,21
31466,21
31467,21
31468,13
31469,21
31470,21
31471,21
31472,13
31473,21
31474,21
31475,21
31476,21
31477,21
31478,21
31479,13
31480,13
31481,21
31482,21
31483,21
31484,21
31485,13
31486,21
31487,21
31488,21
31489,21
31490,13
31491,13
31492,13
31493,21
31494,21
31495,13
31496,13
31497,21
31498,13
31499,21
31500,13
31501,21
31502,21
31503,21
31504,21
31505,21
31506,21
31507,21
31508,13
31509,21
31510,21
31511,21
31512,21
31513,13
31514,21
31515,13
31516,13
31517,13
31518,13
31519,21
31520,13
31521,13
31522,21
31523,21
31524,21
31525,21
31526,21
31527,21
31528,21
31529,21
31530,13
31531,21
31532,21
31533,21
31534,21
31535,21
31536,13
31537,10
31538,13
31539,21
31540,21
31541,13
31542,21
31543,21
31544,21
31545,13
31546,21
31547,13
31548,21
31549,21
31550,21
31551,21
31552,13
31553,21
31554,21
31555,21
31556,21
31557,21
31558,21
31559,21
31560,21
31561,21
31562,21
31563,21
31564,13
31565,21
31566,21
31567,13
31568,21
31569,21
31570,13
31571,21
31572,21
31573,21
31574,21
31575,21
31576,21
31577,21
31578,21
31579,21
31580,21
31581,21
31582,13
31583,21
31584,13
31585,21
31586,21
31587,21
31588,21
31589,21
31590,21
31591,13
31592,21
31593,21
31594,21
31595,21
31596,13
31597,21
31598,21
31599,13
31600,21
31601,13
31602,21
31603,21
31604,21
31605,21
31606,21
31607,13
31608,21
31609,13
31610,21
31611,21
31612,13
31613,21
31614,21
31615,21
31616,21
31617,21
31618,13
31619,21
31620,21
31621,21
31622,21
31623,21
31624,13
31625,13
31626,21
31627,13
31628,21
31629,21
31630,21
31631,17
31632,13
31633,13
31634,21
31635,21
31636,21
31637,21
31638,13
31639,11
31640,21
31641,13
31642,21
31643,21
31644,13
31645,13
31646,21
31647,13
31648,21
31649,21
31650,21
31651,13
31652,21
31653,21
31654,13
31655,10
31656,13
31657,21
31658,13
31659,13
31660,21
31661,21
31662,13
31663,21
31664,21
31665,21
31666,21
31667,21
31668,21
31669,13
31670,21
31671,13
31672,13
31673,13
31674,10
31675,21
31676,21
31677,13
31678,21
31679,21
31680,21
31681,21
31682,21
31683,21
31684,13
31685,21
31686,21
31687,21
31688,13
31689,21
31690,21
31691,21
31692,21
31693,21
31694,21
31695,13
31696,21
31697,21
31698,13
31699,21
31700,21
31701,21
31702,21
31703,13
31704,21
31705,13
31706,13
31707,10
31708,13
31709,13
31710,13
31711,21
31712,21
31713,13
31714,21
31715,13
31716,21
31717,21
31718,21
31719,9
31720,21
31721,21
31722,13
31723,21
31724,13
31725,21
31726,21
31727,21
31728,21
31729,13
31730,21
31731,21
31732,13
31733,21
31734,13
31735,21
31736,21
31737,21
31738,21
31739,21
31740,21
31741,21
31742,21
31743,13
31744,9
31745,21
31746,21
31747,13
31748,21
31749,21
31750,21
31751,10
31752,21
31753,13
31754,21
31755,21
31756,21
31757,21
31758,21
31759,21
31760,21
31761,21
31762,13
31763,21
31764,21
31765,21
31766,21
31767,11
31768,21
31769,21
31770,21
31771,21
31772,21
31773,13
31774,13
31775,13
31776,10
31777,21
31778,21
31779,13
31780,21
31781,21
31782,21
31783,13
31784,21
31785,21
31786,21
31787,13
31788,13
31789,13
31790,13
31791,13
31792,21
31793,21
31794,13
31795,21
31796,13
31797,21
31798,21
31799,21
31800,13
31801,21
31802,21
31803,21
31804,21
31805,13
31806,21
31807,21
31808,21
31809,21
31810,21
31811,21
31812,21
31813,13
31814,21
31815,21
31816,21
31817,14
31818,21
31819,21
31820,21
31821,21
31822,21
31823,21
31824,8
31825,21
31826,21
31827,21
31828,13
31829,21
31830,21
31831,21
31832,21
31833,13
31834,13
31835,21
31836,13
31837,13
31838,21
31839,21
31840,13
31841,11
31842,21
31843,21
31844,21
31845,13
31846,21
31847,21
31848,21
31849,21
31850,13
31851,13
31852,21
31853,21
31854,17
31855,21
31856,21
31857,21
31858,13
31859,21
31860,21
31861,21
31862,21
31863,21
31864,21
31865,13
31866,21
31867,13
31868,21
31869,21
31870,21
31871,21
31872,21
31873,19
31874,21
31875,21
31876,21
31877,21
31878,21
31879,21
31880,21
31881,21
31882,13
31883,13
31884,21
31885,21
31886,21
31887,21
31888,13
31889,19
31890,10
31891,13
31892,21
31893,21
31894,21
31895,21
31896,21
31897,21
31898,21
31899,13
31900,21
31901,13
31902,21
31903,13
31904,21
31905,13
31906,21
31907,13
31908,21
31909,21
31910,21
31911,21
31912,21
31913,21
31914,21
31915,21
31916,21
31917,21
31918,21
31919,21
31920,21
31921,13
31922,13
31923,21
31924,21
31925,21
31926,21
31927,21
31928,13
31929,21
31930,21
31931,21
31932,13
31933,21
31934,21
31935,21
31936,21
31937,21
31938,13
31939,21
31940,13
31941,21
31942,21
31943,21
31944,21
31945,21
31946,21
31947,21
31948,21
31949,21
31950,21
31951,21
31952,21
31953,21
31954,13
31955,21
31956,13
31957,17
31958,21
31959,21
31960,14
31961,21
31962,21
31963,21
31964,13
31965,21
31966,9
31967,21
31968,13
31969,10
31970,21
31971,21
31972,21
31973,21
31974,21
31975,21
31976,21
31977,21
31978,21
31979,21
31980,21
31981,21
31982,13
31983,21
31984,21
31985,21
31986,21
31987,21
31988,21
31989,13
31990,21
31991,8
31992,21
31993,14
31994,21
31995,13
31996,14
31997,21
31998,21
31999,21
32000,21
32001,10
32002,21
32003,21
32004,21
32005,21
32006,21
32007,21
32008,21
32009,21
32010,21
32011,13
32012,13
32013,8
32014,21
32015,21
32016,21
32017,21
32018,21
32019,13
32020,21
32021,21
32022,21
32023,21
32024,21
32025,21
32026,21
32027,21
32028,13
32029,21
32030,21
32031,13
32032,21
32033,21
32034,21
32035,21
32036,13
32037,21
32038,13
32039,21
32040,21
32041,19
32042,21
32043,21
32044,21
32045,14
32046,13
32047,21
32048,21
32049,21
32050,21
32051,11
32052,21
32053,21
32054,21
32055,21
32056,21
32057,21
32058,21
32059,13
32060,21
32061,21
32062,21
32063,13
32064,19
32065,21
32066,21
32067,21
32068,13
32069,21
32070,13
32071,21
32072,21
32073,21
32074,21
32075,21
32076,21
32077,13
32078,21
32079,21
32080,21
32081,21
32082,21
32083,21
32084,21
32085,21
32086,21
32087,21
32088,21
32089,21
32090,21
32091,21
32092,21
32093,21
32094,21
32095,21
32096,13
32097,21
32098,21
32099,21
32100,13
32101,13
32102,13
32103,13
32104,21
32105,13
32106,21
32107,13
32108,21
32109,21
32110,21
32111,21
32112,13
32113,21
32114,21
32115,17
32116,13
32117,21
32118,21
32119,13
32120,21
32121,21
32122,21
32123,21
32124,21
32125,13
32126,21
32127,13
32128,21
32129,13
32130,21
32131,21
32132,12
32133,21
32134,21
32135,21
32136,21
32137,13
32138,21
32139,21
32140,21
32141,21
32142,21
32143,21
32144,21
32145,21
32146,21
32147,21
32148,13
32149,21
32150,21
32151,21
32152,21
32153,19
32154,21
32155,13
32156,21
32157,21
32158,14
32159,21
32160,21
32161,21
32162,21
32163,21
32164,21
32165,21
32166,13
32167,13
32168,10
32169,13
32170,13
32171,13
32172,21
32173,21
32174,21
32175,21
32176,13
32177,13
32178,13
32179,21
32180,13
32181,21
32182,13
32183,21
32184,21
32185,21
32186,21
32187,21
32188,21
32189,21
32190,21
32191,21
32192,21
32193,21
32194,21
32195,21
32196,21
32197,21
32198,21
32199,13
32200,21
32201,21
32202,21
32203,21
32204,21
32205,21
32206,13
32207,13
32208,21
32209,21
32210,21
32211,21
32212,21
32213,21
32214,13
32215,21
32216,21
32217,13
32218,21
32219,21
32220,21
32221,13
32222,21
32223,21
32224,21
32225,13
32226,21
32227,21
32228,21
32229,21
32230,21
32231,13
32232,13
32233,21
32234,21
32235,21
32236,13
32237,21
32238,21
32239,21
32240,21
32241,11
32242,21
32243,21
32244,21
32245,21
32246,21
32247,21
32248,21
32249,21
32250,21
32251,21
32252,13
32253,19
32254,13
32255,13
32256,21
32257,21
32258,21
32259,21
32260,13
32261,21
32262,13
32263,21
32264,21
32265,13
32266,21
32267,13
32268,21
32269,21
32270,21
32271,21
32272,21
32273,21
32274,10
32275,21
32276,21
32277,21
32278,21
32279,13
32280,21
32281,21
32282,21
32283,13
32284,21
32285,21
32286,21
32287,13
32288,21
32289,21
32290,21
32291,21
32292,21
32293,13
32294,21
32295,13
32296,21
32297,21
32298,13
32299,13
32300,21
32301,21
32302,21
32303,21
32304,21
32305,21
32306,13
32307,21
32308,21
32309,21
32310,13
32311,21
32312,21
32313,21
32314,21
32315,10
32316,21
32317,21
32318,21
32319,21
32320,21
32321,21
32322,14
32323,21
32324,21
32325,21
32326,13
32327,13
32328,13
32329,21
32330,13
32331,21
32332,21
32333,21
32334,21
32335,21
32336,21
32337,21
32338,21
32339,21
32340,13
32341,21
32342,21
32343,21
32344,21
32345,13
32346,21
32347,21
32348,13
32349,9
32350,21
32351,9
32352,21
32353,21
32354,21
32355,21
32356,21
32357,13
32358,10
32359,13
32360,21
32361,21
32362,21
32363,13
32364,21
32365,21
32366,21
32367,21
32368,21
32369,21
32370,21
32371,21
32372,21
32373,21
32374,21
32375,21
32376,21
32377,21
32378,13
32379,21
32380,21
32381,21
32382,21
32383,21
32384,13
32385,21
32386,21
32387,21
32388,13
32389,21
32390,21
32391,21
32392,21
32393,21
32394,21
32395,21
32396,13
32397,13
32398,13
32399,21
32400,21
32401,21
32402,13
32403,21
32404,21
32405,21
32406,21
32407,21
32408,13
32409,21
32410,13
32411,21
32412,13
32413,21
32414,13
32415,13
32416,21
32417,21
32418,13
32419,21
32420,13
32421,10
32422,13
32423,21
32424,21
32425,21
32426,21
32427,13
32428,21
32429,13
32430,21
32431,17
32432,13
32433,21
32434,21
32435,21
32436,21
32437,21
32438,21
32439,21
32440,21
32441,21
32442,21
32443,21
32444,21
32445,13
32446,21
32447,21
32448,21
32449,21
32450,21
32451,21
32452,13
32453,21
32454,19
32455,21
32456,21
32457,21
32458,21
32459,21
32460,11
32461,13
32462,21
32463,21
32464,21
32465,9
32466,21
32467,10
32468,13
32469,21
32470,21
32471,21
32472,21
32473,21
32474,13
32475,21
32476,21
32477,21
32478,21
32479,21
32480,21
32481,21
32482,8
32483,21
32484,9
32485,13
32486,21
32487,21
32488,21
32489,21
32490,21
32491,21
32492,21
32493,21
32494,9
32495,21
32496,13
32497,21
32498,21
32499,21
32500,13
32501,10
32502,21
32503,21
32504,21
32505,21
32506,13
32507,21
32508,13
32509,21
32510,21
32511,13
32512,9
32513,13
32514,21
32515,13
32516,13
32517,21
32518,13
32519,21
32520,10
32521,21
32522,21
32523,21
32524,21
32525,13
32526,21
32527,21
32528,21
32529,21
32530,13
32531,13
32532,21
32533,21
32534,21
32535,21
32536,19
32537,21
32538,13
32539,21
32540,21
32541,21
32542,21
32543,21
32544,21
32545,21
32546,13
32547,13
32548,21
32549,21
32550,21
32551,10
32552,21
32553,21
32554,21
32555,21
32556,21
32557,21
32558,21
32559,13
32560,21
32561,21
32562,21
32563,14
32564,21
32565,21
32566,21
32567,21
32568,13
32569,21
32570,13
32571,21
32572,21
32573,21
32574,21
32575,21
32576,21
32577,13
32578,21
32579,21
32580,19
32581,21
32582,13
32583,21
32584,21
32585,21
32586,21
32587,13
32588,13
32589,13
32590,21
32591,21
32592,21
32593,21
32594,21
32595,21
32596,21
32597,21
32598,21
32599,10
32600,21
32601,21
32602,13
32603,21
32604,21
32605,13
32606,21
32607,9
32608,13
32609,21
32610,21
32611,21
32612,21
32613,21
32614,13
32615,21
32616,13
32617,21
32618,13
32619,21
32620,13
32621,21
32622,13
32623,21
32624,13
32625,13
32626,21
32627,9
32628,21
32629,21
32630,21
32631,21
32632,21
32633,21
32634,13
32635,21
32636,13
32637,21
32638,21
32639,21
32640,21
32641,21
32642,21
32643,21
32644,21
32645,21
32646,21
32647,21
32648,21
32649,21
32650,13
32651,21
32652,13
32653,21
32654,13
32655,21
32656,13
32657,21
32658,21
32659,21
32660,21
32661,13
32662,21
32663,21
32664,21
32665,21
32666,13
32667,13
32668,21
32669,21
32670,14
32671,21
32672,21
32673,21
32674,21
32675,13
32676,21
32677,13
32678,9
32679,21
32680,21
32681,21
32682,13
32683,21
32684,13
32685,21
32686,21
32687,11
32688,13
32689,13
32690,21
32691,21
32692,21
32693,21
32694,21
32695,21
32696,21
32697,21
32698,21
32699,13
32700,21
32701,21
32702,21
32703,21
32704,21
32705,21
32706,13
32707,13
32708,21
32709,21
32710,13
32711,21
32712,21
32713,21
32714,21
32715,21
32716,21
32717,21
32718,21
32719,21
32720,21
32721,21
32722,13
32723,21
32724,21
32725,21
32726,21
32727,21
32728,21
32729,13
32730,14
32731,21
32732,21
32733,21
32734,21
32735,21
32736,13
32737,21
32738,13
32739,21
32740,13
32741,21
32742,13
32743,21
32744,13
32745,21
32746,21
32747,21
32748,21
32749,13
32750,21
32751,21
32752,9
32753,21
32754,13
32755,21
32756,21
32757,21
32758,13
32759,17
32760,21
32761,21
32762,13
32763,21
32764,13
32765,21
32766,11
32767,11
32768,21
32769,21
32770,21
32771,21
32772,13
32773,21
32774,21
32775,21
32776,21
32777,21
32778,21
32779,21
32780,13
32781,21
32782,21
32783,13
32784,11
32785,13
32786,13
32787,21
32788,13
32789,21
32790,21
32791,21
32792,13
32793,13
32794,21
32795,13
32796,21
32797,13
32798,21
32799,21
32800,13
32801,13
32802,21
32803,21
32804,21
32805,13
32806,13
32807,13
32808,21
32809,21
32810,10
32811,21
32812,21
32813,21
32814,21
32815,21
32816,13
32817,13
32818,21
32819,21
32820,21
32821,21
32822,21
32823,21
32824,21
32825,13
32826,21
32827,21
32828,21
32829,13
32830,13
32831,21
32832,13
32833,13
32834,13
32835,13
32836,21
32837,21
32838,21
32839,21
32840,21
32841,21
32842,21
32843,21
32844,21
32845,21
32846,21
32847,21
32848,21
32849,14
32850,21
32851,13
32852,13
32853,21
32854,21
32855,10
32856,21
32857,21
32858,13
32859,13
32860,13
32861,13
32862,21
32863,21
32864,21
32865,20
32866,21
32867,13
32868,21
32869,21
32870,21
32871,21
32872,21
32873,21
32874,21
32875,13
32876,21
32877,21
32878,21
32879,13
32880,13
32881,21
32882,21
32883,21
32884,9
32885,13
32886,21
32887,21
32888,21
32889,13
32890,13
32891,13
32892,21
32893,21
32894,21
32895,21
32896,21
32897,21
32898,21
32899,21
32900,21
32901,21
32902,21
32903,21
32904,21
32905,13
32906,21
32907,21
32908,21
32909,13
32910,21
32911,21
32912,21
32913,21
32914,17
32915,21
32916,13
32917,21
32918,21
32919,21
32920,13
32921,13
32922,21
32923,13
32924,13
32925,21
32926,13
32927,21
32928,21
32929,13
32930,21
32931,21
32932,21
32933,21
32934,21
32935,21
32936,21
32937,21
32938,21
32939,21
32940,21
32941,21
32942,21
32943,21
32944,21
32945,13
32946,13
32947,21
32948,21
32949,10
32950,21
32951,21
32952,21
32953,21
32954,21
32955,21
32956,21
32957,21
32958,13
32959,13
32960,13
32961,21
32962,21
32963,21
32964,21
32965,21
32966,21
32967,21
32968,13
32969,21
32970,21
32971,21
32972,13
32973,13
32974,21
32975,13
32976,21
32977,21
32978,21
32979,21
32980,21
32981,21
32982,13
32983,21
32984,21
32985,21
32986,21
32987,21
32988,21
32989,21
32990,21
32991,14
32992,21
32993,21
32994,13
32995,21
32996,21
32997,13
32998,21
32999,13
33000,13
33001,21
33002,14
33003,13
33004,21
33005,21
33006,10
33007,13
33008,21
33009,13
33010,21
33011,21
33012,21
33013,21
33014,21
33015,21
33016,13
33017,21
33018,21
33019,21
33020,21
33021,21
33022,21
33023,21
33024,9
33025,21
33026,13
33027,21
33028,17
33029,13
33030,21
33031,13
33032,13
33033,13
33034,21
33035,21
33036,13
33037,21
33038,21
33039,21
33040,13
33041,11
33042,21
33043,13
33044,21
33045,21
33046,21
33047,21
33048,21
33049,21
33050,21
33051,21
33052,13
33053,21
33054,21
33055,13
33056,21
33057,21
33058,21
33059,21
33060,21
33061,19
33062,13
33063,21
33064,13
33065,14
33066,21
33067,13
33068,21
33069,21
33070,13
33071,21
33072,21
33073,13
33074,21
33075,21
33076,17
33077,21
33078,21
33079,21
33080,21
33081,13
33082,13
33083,21
33084,21
33085,13
33086,21
33087,21
33088,21
33089,21
33090,21
33091,13
33092,21
33093,21
33094,13
33095,21
33096,21
33097,13
33098,13
33099,21
33100,21
33101,13
33102,21
33103,21
33104,21
33105,21
33106,21
33107,13
33108,21
33109,13
33110,21
33111,21
33112,21
33113,21
33114,21
33115,21
33116,21
33117,21
33118,13
33119,21
33120,13
33121,21
33122,21
33123,13
33124,21
33125,21
33126,21
33127,21
33128,21
33129,13
33130,21
33131,21
33132,21
33133,21
33134,21
33135,21
33136,21
33137,21
33138,21
33139,21
33140,10
33141,13
33142,21
33143,21
33144,10
33145,21
33146,21
33147,21
33148,21
33149,21
33150,21
33151,14
33152,21
33153,19
33154,21
33155,13
33156,10
33157,21
33158,13
33159,21
33160,11
33161,21
33162,21
33163,13
33164,21
33165,21
33166,21
33167,21
33168,21
33169,21
33170,21
33171,13
33172,14
33173,21
33174,21
33175,21
33176,13
33177,21
33178,21
33179,19
33180,11
33181,21
33182,14
33183,17
33184,21
33185,21
33186,21
33187,13
33188,21
33189,13
33190,21
33191,21
33192,13
33193,21
33194,21
33195,21
33196,21
33197,12
33198,21
33199,21
33200,17
33201,13
33202,21
33203,21
33204,21
33205,21
33206,10
33207,21
33208,13
33209,21
33210,13
33211,21
33212,21
33213,21
33214,21
33215,21
33216,21
33217,21
33218,13
33219,21
33220,21
33221,21
33222,21
33223,21
33224,21
33225,21
33226,13
33227,14
33228,21
33229,13
33230,21
33231,13
33232,21
33233,21
33234,21
33235,21
33236,10
33237,13
33238,21
33239,21
33240,21
33241,21
33242,14
33243,21
33244,21
33245,21
33246,21
33247,21
33248,19
33249,21
33250,21
33251,21
33252,21
33253,13
33254,13
33255,13
33256,21
33257,10
33258,21
33259,21
33260,21
33261,13
33262,11
33263,21
33264,21
33265,21
33266,21
33267,21
33268,13
33269,13
33270,21
33271,21
33272,21
33273,21
33274,21
33275,21
33276,21
33277,21
33278,21
33279,21
33280,21
33281,21
33282,21
33283,21
33284,21
33285,13
33286,21
33287,13
33288,13
33289,21
33290,13
33291,21
33292,21
33293,13
33294,21
33295,21
33296,13
33297,21
33298,21
33299,13
33300,21
33301,21
33302,21
33303,21
33304,21
33305,21
33306,13
33307,21
33308,21
33309,13
33310,21
33311,13
33312,21
33313,21
33314,21
33315,21
33316,13
33317,13
33318,21
33319,21
33320,21
33321,21
33322,13
33323,21
33324,21
33325,21
33326,13
33327,21
33328,10
33329,21
33330,13
33331,13
33332,13
33333,11
33334,21
33335,21
33336,21
33337,21
33338,21
33339,21
33340,21
33341,13
33342,21
33343,21
33344,21
33345,21
33346,21
33347,21
33348,21
33349,21
33350,13
33351,21
33352,21
33353,13
33354,11
33355,21
33356,13
33357,21
33358,21
33359,13
33360,21
33361,21
33362,21
33363,13
33364,21
33365,21
33366,13
33367,21
33368,21
33369,13
33370,21
33371,21
33372,21
33373,21
33374,19
33375,13
33376,21
33377,13
33378,13
33379,21
33380,13
33381,21
33382,21
33383,21
33384,21
33385,13
33386,21
33387,21
33388,21
33389,21
33390,21
33391,21
33392,21
33393,21
33394,21
33395,13
33396,21
33397,19
33398,13
33399,13
33400,21
33401,21
33402,21
33403,21
33404,13
33405,13
33406,21
33407,21
33408,21
33409,13
33410,21
33411,21
33412,21
33413,21
33414,13
33415,21
33416,21
33417,21
33418,13
33419,21
33420,21
33421,21
33422,21
33423,13
33424,13
33425,13
33426,13
33427,13
33428,21
33429,21
33430,21
33431,21
33432,21
33433,21
33434,21
33435,21
33436,21
33437,21
33438,10
33439,21
33440,21
33441,21
33442,10
33443,13
33444,21
33445,13
33446,21
33447,21
33448,9
33449,21
33450,13
33451,21
33452,21
33453,13
33454,21
33455,21
33456,13
33457,21
33458,14
33459,21
33460,11
33461,21
33462,21
33463,21
33464,21
33465,13
33466,13
33467,21
33468,21
33469,21
33470,21
33471,21
33472,13
33473,13
33474,13
33475,21
33476,21
33477,21
33478,21
33479,13
33480,21
33481,21
33482,21
33483,21
33484,13
33485,21
33486,13
33487,21
33488,21
33489,21
33490,21
33491,21
33492,21
33493,13
33494,13
33495,13
33496,21
33497,21
33498,9
33499,13
33500,13
33501,21
33502,21
33503,21
33504,13
33505,21
33506,13
33507,21
33508,21
33509,10
33510,21
33511,21
33512,21
33513,21
33514,13
33515,11
33516,14
33517,13
33518,21
33519,21
33520,13
33521,21
33522,21
33523,13
33524,21
33525,21
33526,13
33527,21
33528,21
33529,21
33530,13
33531,21
33532,13
33533,21
33534,21
33535,21
33536,21
33537,13
33538,14
33539,21
33540,21
33541,21
33542,21
33543,21
33544,21
33545,21
33546,21
33547,21
33548,13
33549,21
33550,21
33551,13
33552,10
33553,13
33554,21
33555,21
33556,13
33557,21
33558,21
33559,13
33560,21
33561,21
33562,21
33563,13
33564,21
33565,13
33566,21
33567,21
33568,21
33569,13
33570,21
33571,13
33572,21
33573,13
33574,21
33575,21
33576,21
33577,21
33578,21
33579,21
33580,13
33581,21
33582,21
33583,13
33584,21
33585,21
33586,13
33587,21
33588,21
33589,21
33590,21
33591,13
33592,10
33593,21
33594,21
33595,13
33596,13
33597,21
33598,21
33599,21
33600,21
33601,21
33602,11
33603,21
33604,21
33605,13
33606,21
33607,13
33608,13
33609,13
33610,21
33611,21
33612,13
33613,21
33614,21
33615,21
33616,21
33617,21
33618,21
33619,21
33620,21
33621,14
33622,13
33623,21
33624,21
33625,13
33626,21
33627,21
33628,13
33629,21
33630,13
33631,21
33632,13
33633,21
33634,21
33635,21
33636,13
33637,21
33638,21
33639,13
33640,21
33641,13
33642,13
33643,21
33644,21
33645,21
33646,21
33647,21
33648,13
33649,21
33650,13
33651,21
33652,21
33653,21
33654,21
33655,21
33656,21
33657,21
33658,21
33659,21
33660,21
33661,9
33662,21
33663,21
33664,21
33665,21
33666,13
33667,21
33668,21
33669,21
33670,21
33671,17
33672,21
33673,21
33674,21
33675,21
33676,13
33677,21
33678,14
33679,21
33680,9
33681,13
33682,21
33683,21
33684,21
33685,13
33686,21
33687,21
33688,13
33689,13
33690,21
33691,21
33692,13
33693,21
33694,13
33695,21
33696,13
33697,10
33698,21
33699,9
33700,21
33701,21
33702,21
33703,21
33704,21
33705,21
33706,13
33707,21
33708,21
33709,21
33710,21
33711,21
33712,21
33713,21
33714,21
33715,21
33716,21
33717,21
33718,21
33719,10
33720,21
33721,21
33722,13
33723,8
33724,21
33725,13
33726,21
33727,21
33728,21
33729,13
33730,21
33731,21
33732,21
33733,21
33734,13
33735,21
33736,21
33737,21
33738,21
33739,21
33740,21
33741,21
33742,21
33743,21
33744,13
33745,21
33746,21
33747,21
33748,13
33749,21
33750,21
33751,21
33752,21
33753,13
33754,21
33755,21
33756,13
33757,21
33758,21
33759,13
33760,21
33761,10
33762,21
33763,21
33764,21
33765,21
33766,13
33767,21
33768,21
33769,21
33770,21
33771,21
33772,21
33773,10
33774,13
33775,21
33776,13
33777,13
33778,21
33779,21
33780,21
33781,21
33782,13
33783,13
33784,21
33785,21
33786,21
33787,21
33788,21
33789,21
33790,21
33791,21
33792,21
33793,13
33794,21
33795,21
33796,21
33797,13
33798,21
33799,21
33800,21
33801,13
33802,21
33803,21
33804,21
33805,21
33806,21
33807,13
33808,21
33809,21
33810,21
33811,21
33812,21
33813,13
33814,13
33815,9
33816,21
33817,13
33818,21
33819,21
33820,13
33821,21
33822,13
33823,21
33824,21
33825,21
33826,21
33827,21
33828,21
33829,21
33830,21
33831,21
33832,21
33833,21
33834,13
33835,21
33836,13
33837,13
33838,21
33839,14
33840,21
33841,13
33842,21
33843,21
33844,21
33845,13
33846,10
33847,13
33848,21
33849,13
33850,21
33851,13
33852,10
33853,21
33854,13
33855,21
33856,13
33857,13
33858,13
33859,11
33860,21
33861,14
33862,21
33863,21
33864,13
33865,17
33866,21
33867,21
33868,21
33869,21
33870,21
33871,13
33872,21
33873,21
33874,13
33875,13
33876,21
33877,13
33878,21
33879,21
33880,21
33881,21
33882,21
33883,13
33884,13
33885,21
33886,21
33887,21
33888,11
33889,21
33890,21
33891,21
33892,21
33893,21
33894,21
33895,21
33896,21
33897,21
33898,21
33899,21
33900,21
33901,21
33902,13
33903,21
33904,13
33905,13
33906,21
33907,21
33908,13
33909,21
33910,21
33911,21
33912,21
33913,21
33914,21
33915,21
33916,21
33917,21
33918,21
33919,13
33920,21
33921,13
33922,9
33923,13
33924,21
33925,13
33926,21
33927,21
33928,21
33929,13
33930,21
33931,21
33932,13
33933,21
33934,21
33935,21
33936,21
33937,21
33938,21
33939,13
33940,21
33941,13
33942,21
33943,21
33944,21
33945,21
33946,21
33947,21
33948,21
33949,21
33950,21
33951,21
33952,13
33953,21
33954,13
33955,21
33956,21
33957,13
33958,21
33959,21
33960,21
33961,21
33962,21
33963,21
33964,21
33965,21
33966,13
33967,21
33968,21
33969,21
33970,21
33971,21
33972,21
33973,21
33974,21
33975,21
33976,21
33977,13
33978,21
33979,21
33980,21
33981,13
33982,13
33983,13
33984,21
33985,21
33986,13
33987,10
33988,21
33989,21
33990,21
33991,21
33992,21
33993,21
33994,13
33995,21
33996,21
33997,21
33998,21
33999,21
34000,21
34001,21
34002,21
34003,21
34004,13
34005,21
34006,21
34007,21
34008,21
34009,21
34010,21
34011,13
34012,21
34013,21
34014,21
34015,21
34016,13
34017,13
34018,21
34019,21
34020,13
34021,21
34022,21
34023,13
34024,13
34025,13
34026,21
34027,13
34028,21
34029,21
34030,21
34031,13
34032,21
34033,13
34034,13
34035,17
34036,21
34037,21
34038,21
34039,21
34040,21
34041,21
34042,10
34043,21
34044,21
34045,21
34046,21
34047,21
34048,21
34049,21
34050,13
34051,21
34052,21
34053,21
34054,13
34055,21
34056,21
34057,21
34058,21
34059,21
34060,21
34061,13
34062,13
34063,21
34064,21
34065,21
34066,21
34067,13
34068,14
34069,13
34070,13
34071,13
34072,21
34073,21
34074,21
34075,13
34076,21
34077,21
34078,21
34079,21
34080,21
34081,21
34082,21
34083,10
34084,21
34085,21
34086,21
34087,21
34088,21
34089,13
34090,21
34091,13
34092,21
34093,21
34094,21
34095,13
34096,21
34097,21
34098,13
34099,13
34100,13
34101,14
34102,21
34103,13
34104,21
34105,21
34106,21
34107,21
34108,21
34109,21
34110,21
34111,13
34112,21
34113,21
34114,21
34115,13
34116,13
34117,13
34118,21
34119,21
34120,21
34121,13
34122,21
34123,21
34124,21
34125,21
34126,21
34127,13
34128,13
34129,21
34130,21
34131,21
34132,21
34133,21
34134,9
34135,21
34136,13
34137,21
34138,13
34139,21
34140,14
34141,21
34142,21
34143,21
34144,21
34145,21
34146,21
34147,21
34148,21
34149,9
34150,21
34151,13
34152,21
34153,21
34154,21
34155,21
34156,21
34157,21
34158,13
34159,21
34160,9
34161,13
34162,13
34163,21
34164,13
34165,21
34166,21
34167,21
34168,21
34169,21
34170,21
34171,21
34172,21
34173,21
34174,21
34175,21
34176,13
34177,13
34178,21
34179,13
34180,13
34181,21
34182,21
34183,13
34184,21
34185,21
34186,21
34187,21
34188,21
34189,13
34190,21
34191,13
34192,21
34193,21
34194,13
34195,21
34196,21
34197,21
34198,21
34199,21
34200,21
34201,21
34202,13
34203,21
34204,21
34205,21
34206,21
34207,21
34208,9
34209,21
34210,13
34211,13
34212,9
34213,21
34214,21
34215,21
34216,21
34217,21
34218,21
34219,21
34220,21
34221,13
34222,21
34223,21
34224,21
34225,13
34226,21
34227,11
34228,21
34229,21
34230,13
34231,21
34232,21
34233,13
34234,21
34235,13
34236,14
34237,13
34238,21
34239,21
34240,13
34241,13
34242,13
34243,21
34244,21
34245,21
34246,21
34247,21
34248,21
34249,21
34250,21
34251,21
34252,21
34253,21
34254,21
34255,21
34256,21
34257,21
34258,13
34259,10
34260,21
34261,21
34262,21
34263,13
34264,13
34265,21
34266,21
34267,13
34268,21
34269,21
34270,21
34271,21
34272,21
34273,10
34274,21
34275,21
34276,21
34277,13
34278,21
34279,21
34280,21
34281,21
34282,13
34283,10
34284,13
34285,21
34286,21
34287,21
34288,21
34289,13
34290,21
34291,13
34292,21
34293,21
34294,21
34295,21
34296,13
34297,21
34298,13
34299,13
34300,21
34301,10
34302,21
34303,13
34304,21
34305,13
34306,13
34307,13
34308,21
34309,21
34310,21
34311,21
34312,21
34313,21
34314,13
34315,21
34316,21
34317,11
34318,13
34319,21
34320,13
34321,21
34322,21
34323,21
34324,21
34325,13
34326,10
34327,21
34328,21
34329,21
34330,21
34331,21
34332,21
34333,21
34334,21
34335,21
34336,21
34337,21
34338,10
34339,13
34340,21
34341,21
34342,21
34343,21
34344,21
34345,21
34346,13
34347,21
34348,21
34349,21
34350,21
34351,21
34352,13
34353,21
34354,21
34355,13
34356,13
34357,13
34358,21
34359,21
34360,13
34361,14
34362,13
34363,13
34364,13
34365,21
34366,11
34367,21
34368,13
34369,21
34370,21
34371,13
34372,21
34373,21
34374,13
34375,13
34376,13
34377,21
34378,21
34379,21
34380,21
34381,13
34382,13
34383,13
34384,13
34385,21
34386,14
34387,21
34388,21
34389,13
34390,21
34391,21
34392,21
34393,21
34394,21
34395,21
34396,11
34397,21
34398,13
34399,21
34400,21
34401,21
34402,21
34403,21
34404,21
34405,13
34406,17
34407,21
34408,21
34409,21
34410,21
34411,21
34412,21
34413,21
34414,21
34415,14
34416,21
34417,21
34418,21
34419,21
34420,21
34421,13
34422,21
34423,21
34424,13
34425,21
34426,21
34427,21
34428,21
34429,21
34430,13
34431,21
34432,13
34433,13
34434,21
34435,21
34436,21
34437,21
34438,21
34439,13
34440,21
34441,21
34442,14
34443,21
34444,21
34445,21
34446,21
34447,21
34448,13
34449,21
34450,21
34451,13
34452,21
34453,21
34454,13
34455,13
34456,21
34457,21
34458,13
34459,21
34460,21
34461,21
34462,21
34463,21
34464,13
34465,21
34466,21
34467,21
34468,21
34469,21
34470,13
34471,21
34472,13
34473,21
34474,13
34475,21
34476,13
34477,21
34478,13
34479,21
34480,21
34481,21
34482,21
34483,21
34484,10
34485,21
34486,13
34487,21
34488,17
34489,21
34490,21
34491,13
34492,21
34493,21
34494,21
34495,21
34496,13
34497,21
34498,21
34499,21
34500,13
34501,13
34502,9
34503,21
34504,21
34505,13
34506,21
34507,21
34508,13
34509,21
34510,21
34511,21
34512,21
34513,21
34514,21
34515,13
34516,17
34517,21
34518,21
34519,21
34520,21
34521,21
34522,21
34523,21
34524,21
34525,21
34526,21
34527,21
34528,13
34529,13
34530,21
34531,21
34532,13
34533,21
34534,13
34535,21
34536,14
34537,13
34538,13
34539,21
34540,21
34541,11
34542,21
34543,21
34544,13
34545,21
34546,21
34547,21
34548,21
34549,21
34550,21
34551,21
34552,10
34553,21
34554,21
34555,21
34556,21
34557,21
34558,13
34559,13
34560,21
34561,21
34562,13
34563,21
34564,21
34565,21
34566,13
34567,21
34568,21
34569,21
34570,21
34571,13
34572,13
34573,9
34574,21
34575,21
34576,21
34577,21
34578,13
34579,13
34580,21
34581,21
34582,21
34583,21
34584,21
34585,21
34586,13
34587,10
34588,13
34589,13
34590,13
34591,21
34592,21
34593,21
34594,21
34595,21
34596,21
34597,21
34598,13
34599,21
34600,21
34601,13
34602,21
34603,21
34604,21
34605,13
34606,21
34607,21
34608,21
34609,13
34610,21
34611,21
34612,21
34613,13
34614,21
34615,21
34616,21
34617,21
34618,21
34619,13
34620,13
34621,21
34622,13
34623,21
34624,21
34625,13
34626,13
34627,10
