id,label
27456,6
27457,24
27458,15
27459,1
27460,18
27461,11
27462,13
27463,6
27464,0
27465,18
27466,13
27467,3
27468,11
27469,18
27470,5
27471,23
27472,4
27473,4
27474,10
27475,2
27476,4
27477,9
27478,14
27479,18
27480,17
27481,2
27482,18
27483,21
27484,20
27485,16
27486,7
27487,19
27488,11
27489,24
27490,6
27491,3
27492,19
27493,6
27494,10
27495,2
27496,23
27497,25
27498,12
27499,7
27500,12
27501,19
27502,9
27503,24
27504,20
27505,3
27506,16
27507,13
27508,8
27509,3
27510,18
27511,9
27512,4
27513,2
27514,2
27515,21
27516,6
27517,18
27518,23
27519,9
27520,7
27521,19
27522,17
27523,20
27524,1
27525,20
27526,15
27527,20
27528,23
27529,15
27530,5
27531,7
27532,2
27533,24
27534,16
27535,20
27536,24
27537,22
27538,8
27539,20
27540,16
27541,20
27542,13
27543,5
27544,6
27545,25
27546,3
27547,24
27548,2
27549,13
27550,21
27551,9
27552,1
27553,19
27554,10
27555,3
27556,5
27557,23
27558,10
27559,9
27560,9
27561,16
27562,7
27563,15
27564,19
27565,5
27566,23
27567,16
27568,2
27569,17
27570,17
27571,16
27572,24
27573,7
27574,14
27575,13
27576,17
27577,0
27578,17
27579,0
27580,4
27581,16
27582,22
27583,14
27584,12
27585,25
27586,0
27587,19
27588,24
27589,10
27590,13
27591,2
27592,8
27593,20
27594,24
27595,25
27596,6
27597,23
27598,5
27599,0
27600,2
27601,5
27602,22
27603,22
27604,7
27605,21
27606,3
27607,21
27608,25
27609,20
27610,2
27611,22
27612,18
27613,25
27614,13
27615,4
27616,10
27617,4
27618,18
27619,24
27620,8
27621,13
27622,0
27623,4
27624,16
27625,2
27626,7
27627,10
27628,7
27629,19
27630,16
27631,10
27632,13
27633,12
27634,12
27635,15
27636,12
27637,16
27638,16
27639,3
27640,24
27641,10
27642,12
27643,14
27644,6
27645,4
27646,5
27647,2
27648,0
27649,6
27650,0
27651,4
27652,24
27653,13
27654,4
27655,1
27656,0
27657,22
27658,24
27659,16
27660,5
27661,6
27662,9
27663,22
27664,20
27665,24
27666,7
27667,25
27668,13
27669,11
27670,6
27671,20
27672,21
27673,25
27674,20
27675,22
27676,1
27677,18
27678,21
27679,1
27680,9
27681,7
27682,25
27683,4
27684,9
27685,5
27686,20
27687,15
27688,14
27689,21
27690,21
27691,2
27692,17
27693,4
27694,18
27695,24
27696,6
27697,17
27698,5
27699,12
27700,13
27701,5
27702,23
27703,24
27704,7
27705,4
27706,1
27707,16
27708,1
27709,21
27710,25
27711,15
27712,23
27713,1
27714,12
27715,8
27716,17
27717,1
27718,23
27719,3
27720,6
27721,7
27722,20
27723,2
27724,9
27725,12
27726,22
27727,7
27728,25
27729,20
27730,21
27731,10
27732,14
27733,1
27734,25
27735,12
27736,25
27737,7
27738,5
27739,10
27740,6
27741,19
27742,21
27743,9
27744,11
27745,11
27746,25
27747,3
27748,0
27749,16
27750,13
27751,25
27752,11
27753,10
27754,6
27755,25
27756,21
27757,7
27758,23
27759,17
27760,3
27761,7
27762,0
27763,24
27764,2
27765,24
27766,25
27767,16
27768,10
27769,15
27770,21
27771,17
27772,18
27773,18
27774,19
27775,18
27776,17
27777,0
27778,0
27779,13
27780,4
27781,11
27782,21
27783,16
27784,24
27785,9
27786,8
27787,17
27788,11
27789,20
27790,25
27791,25
27792,12
27793,17
27794,16
27795,7
27796,15
27797,0
27798,10
27799,3
27800,1
27801,1
27802,7
27803,6
27804,16
27805,15
27806,14
27807,0
27808,10
27809,13
27810,13
27811,2
27812,24
27813,15
27814,25
27815,22
27816,18
27817,25
27818,0
27819,21
27820,0
27821,13
27822,7
27823,24
27824,2
27825,1
27826,14
27827,17
27828,10
27829,7
27830,19
27831,19
27832,24
27833,25
27834,16
27835,2
27836,23
27837,25
27838,21
27839,3
27840,16
27841,2
27842,22
27843,18
27844,19
27845,23
27846,6
27847,21
27848,22
27849,18
27850,24
27851,13
27852,9
27853,4
27854,0
27855,0
27856,3
27857,8
27858,12
27859,16
27860,3
27861,3
27862,6
27863,4
27864,3
27865,18
27866,25
27867,7
27868,3
27869,8
27870,9
27871,23
27872,15
27873,2
27874,3
27875,19
27876,15
27877,5
27878,1
27879,22
27880,22
27881,22
27882,19
27883,10
27884,4
27885,0
27886,12
27887,18
27888,12
27889,17
27890,18
27891,6
27892,6
27893,4
27894,4
27895,13
27896,16
27897,6
27898,8
27899,8
27900,11
27901,1
27902,12
27903,3
27904,15
27905,25
27906,16
27907,12
27908,13
27909,9
27910,2
27911,15
27912,21
27913,17
27914,23
27915,1
27916,25
27917,6
27918,22
27919,10
27920,4
27921,18
27922,5
27923,13
27924,7
27925,14
27926,2
27927,20
27928,2
27929,10
27930,4
27931,24
27932,22
27933,18
27934,4
27935,22
27936,2
27937,17
27938,10
27939,11
27940,9
27941,9
27942,9
27943,19
27944,9
27945,11
27946,9
27947,1
27948,20
27949,16
27950,2
27951,1
27952,21
27953,18
27954,9
27955,1
27956,15
27957,2
27958,0
27959,21
27960,8
27961,0
27962,23
27963,0
27964,25
27965,17
27966,11
27967,18
27968,25
27969,18
27970,4
27971,10
27972,12
27973,17
27974,15
27975,7
27976,20
27977,10
27978,14
27979,3
27980,16
27981,23
27982,13
27983,23
27984,22
27985,23
27986,15
27987,16
27988,19
27989,20
27990,20
27991,3
27992,9
27993,6
27994,3
27995,10
27996,25
27997,14
27998,10
27999,4
28000,23
28001,15
28002,5
28003,11
28004,0
28005,8
28006,8
28007,23
28008,16
28009,24
28010,25
28011,20
28012,22
28013,11
28014,8
28015,18
28016,19
28017,21
28018,24
28019,21
28020,3
28021,13
28022,7
28023,22
28024,17
28025,2
28026,22
28027,19
28028,11
28029,8
28030,18
28031,10
28032,3
28033,4
28034,18
28035,15
28036,13
28037,3
28038,10
28039,20
28040,5
28041,7
28042,16
28043,13
28044,13
28045,20
28046,23
28047,11
28048,8
28049,10
28050,21
28051,4
28052,20
28053,13
28054,13
28055,16
28056,10
28057,1
28058,23
28059,11
28060,25
28061,14
28062,14
28063,17
28064,20
28065,24
28066,0
28067,20
28068,5
28069,2
28070,18
28071,25
28072,16
28073,11
28074,4
28075,5
28076,1
28077,18
28078,16
28079,11
28080,21
28081,3
28082,3
28083,15
28084,20
28085,21
28086,21
28087,16
28088,7
28089,22
28090,19
28091,18
28092,7
28093,23
28094,14
28095,11
28096,15
28097,14
28098,13
28099,21
28100,20
28101,21
28102,9
28103,5
28104,16
28105,21
28106,13
28107,23
28108,20
28109,20
28110,13
28111,19
28112,22
28113,1
28114,23
28115,24
28116,18
28117,3
28118,11
28119,16
28120,4
28121,10
28122,22
28123,19
28124,18
28125,25
28126,19
28127,23
28128,19
28129,7
28130,21
28131,23
28132,8
28133,17
28134,4
28135,4
28136,16
28137,16
28138,15
28139,12
28140,14
28141,3
28142,16
28143,14
28144,14
28145,1
28146,18
28147,13
28148,0
28149,12
28150,20
28151,23
28152,10
28153,20
28154,3
28155,16
28156,8
28157,14
28158,2
28159,10
28160,24
28161,8
28162,2
28163,1
28164,2
28165,5
28166,21
28167,18
28168,23
28169,5
28170,6
28171,0
28172,12
28173,24
28174,25
28175,20
28176,15
28177,12
28178,19
28179,21
28180,3
28181,8
28182,12
28183,15
28184,0
28185,19
28186,20
28187,4
28188,4
28189,10
28190,24
28191,2
28192,22
28193,2
28194,24
28195,21
28196,6
28197,15
28198,1
28199,25
28200,23
28201,14
28202,0
28203,14
28204,10
28205,15
28206,18
28207,24
28208,8
28209,3
28210,5
28211,6
28212,18
28213,11
28214,16
28215,25
28216,15
28217,0
28218,17
28219,5
28220,13
28221,2
28222,5
28223,6
28224,15
28225,5
28226,11
28227,12
28228,0
28229,12
28230,7
28231,0
28232,1
28233,21
28234,1
28235,18
28236,24
28237,24
28238,13
28239,6
28240,24
28241,15
28242,18
28243,2
28244,23
28245,20
28246,3
28247,11
28248,18
28249,5
28250,10
28251,23
28252,12
28253,11
28254,10
28255,17
28256,6
28257,21
28258,4
28259,21
28260,18
28261,14
28262,21
28263,24
28264,10
28265,15
28266,9
28267,23
28268,18
28269,25
28270,3
28271,15
28272,17
28273,14
28274,25
28275,5
28276,24
28277,12
28278,8
28279,16
28280,17
28281,11
28282,21
28283,4
28284,15
28285,13
28286,11
28287,2
28288,22
28289,16
28290,23
28291,0
28292,20
28293,15
28294,19
28295,2
28296,7
28297,2
28298,25
28299,21
28300,22
28301,4
28302,1
28303,24
28304,8
28305,25
28306,6
28307,12
28308,25
28309,14
28310,4
28311,14
28312,9
28313,17
28314,13
28315,12
28316,22
28317,22
28318,2
28319,14
28320,6
28321,11
28322,20
28323,0
28324,3
28325,5
28326,2
28327,17
28328,13
28329,11
28330,6
28331,22
28332,23
28333,24
28334,7
28335,20
28336,2
28337,21
28338,16
28339,4
28340,6
28341,16
28342,4
28343,22
28344,0
28345,7
28346,20
28347,14
28348,2
28349,3
28350,10
28351,11
28352,10
28353,17
28354,15
28355,23
28356,18
28357,4
28358,12
28359,21
28360,21
28361,5
28362,14
28363,3
28364,17
28365,12
28366,16
28367,16
28368,5
28369,1
28370,3
28371,15
28372,16
28373,22
28374,22
28375,11
28376,16
28377,15
28378,12
28379,14
28380,1
28381,12
28382,17
28383,22
28384,25
28385,19
28386,17
28387,8
28388,13
28389,1
28390,2
28391,7
28392,14
28393,2
28394,10
28395,3
28396,25
28397,16
28398,11
28399,7
28400,24
28401,3
28402,9
28403,7
28404,7
28405,24
28406,10
28407,17
28408,9
28409,9
28410,25
28411,17
28412,24
28413,17
28414,6
28415,15
28416,22
28417,21
28418,7
28419,6
28420,9
28421,22
28422,23
28423,4
28424,3
28425,10
28426,6
28427,4
28428,15
28429,23
28430,20
28431,4
28432,9
28433,15
28434,24
28435,12
28436,15
28437,18
28438,11
28439,9
28440,6
28441,6
28442,25
28443,2
28444,3
28445,19
28446,17
28447,15
28448,0
28449,14
28450,23
28451,13
28452,21
28453,8
28454,12
28455,22
28456,25
28457,5
28458,15
28459,25
28460,9
28461,4
28462,15
28463,23
28464,2
28465,19
28466,1
28467,8
28468,24
28469,1
28470,25
28471,21
28472,17
28473,12
28474,10
28475,2
28476,23
28477,16
28478,11
28479,3
28480,9
28481,4
28482,15
28483,11
28484,13
28485,21
28486,16
28487,11
28488,14
28489,13
28490,7
28491,4
28492,21
28493,21
28494,3
28495,1
28496,4
28497,23
28498,21
28499,6
28500,7
28501,15
28502,21
28503,22
28504,7
28505,17
28506,11
28507,22
28508,14
28509,19
28510,9
28511,18
28512,18
28513,16
28514,20
28515,0
28516,3
28517,19
28518,9
28519,19
28520,13
28521,25
28522,5
28523,8
28524,4
28525,21
28526,1
28527,10
28528,14
28529,14
28530,19
28531,17
28532,24
28533,20
28534,8
28535,1
28536,10
28537,0
28538,22
28539,15
28540,2
28541,8
28542,10
28543,1
28544,11
28545,24
28546,4
28547,11
28548,18
28549,9
28550,12
28551,16
28552,18
28553,7
28554,22
28555,19
28556,16
28557,12
28558,19
28559,16
28560,3
28561,21
28562,25
28563,4
28564,20
28565,11
28566,0
28567,11
28568,17
28569,3
28570,24
28571,10
28572,19
28573,1
28574,2
28575,12
28576,9
28577,8
28578,16
28579,15
28580,6
28581,3
28582,15
28583,22
28584,22
28585,8
28586,3
28587,5
28588,21
28589,10
28590,18
28591,23
28592,10
28593,8
28594,23
28595,11
28596,19
28597,22
28598,19
28599,3
28600,25
28601,10
28602,6
28603,17
28604,13
28605,2
28606,22
28607,25
28608,10
28609,23
28610,2
28611,4
28612,22
28613,4
28614,9
28615,18
28616,6
28617,19
28618,8
28619,11
28620,24
28621,11
28622,18
28623,12
28624,1
28625,21
28626,21
28627,17
28628,18
28629,8
28630,9
28631,17
28632,21
28633,0
28634,5
28635,19
28636,8
28637,16
28638,17
28639,1
28640,15
28641,12
28642,12
28643,11
28644,25
28645,0
28646,12
28647,2
28648,0
28649,7
28650,14
28651,2
28652,22
28653,9
28654,19
28655,14
28656,12
28657,6
28658,0
28659,17
28660,6
28661,15
28662,21
28663,3
28664,15
28665,19
28666,1
28667,24
28668,13
28669,24
28670,19
28671,6
28672,25
28673,16
28674,16
28675,12
28676,11
28677,24
28678,20
28679,21
28680,19
28681,11
28682,11
28683,15
28684,20
28685,1
28686,5
28687,22
28688,15
28689,1
28690,18
28691,13
28692,14
28693,13
28694,6
28695,18
28696,3
28697,4
28698,12
28699,24
28700,8
28701,15
28702,2
28703,24
28704,25
28705,16
28706,23
28707,25
28708,11
28709,12
28710,15
28711,11
28712,19
28713,7
28714,14
28715,4
28716,1
28717,15
28718,10
28719,15
28720,21
28721,25
28722,8
28723,7
28724,14
28725,8
28726,13
28727,25
28728,18
28729,20
28730,24
28731,17
28732,1
28733,3
28734,2
28735,6
28736,21
28737,22
28738,25
28739,1
28740,21
28741,18
28742,1
28743,11
28744,18
28745,18
28746,6
28747,1
28748,14
28749,2
28750,25
28751,11
28752,4
28753,0
28754,2
28755,3
28756,1
28757,18
28758,3
28759,23
28760,19
28761,6
28762,4
28763,25
28764,20
28765,10
28766,20
28767,12
28768,0
28769,3
28770,16
28771,8
28772,3
28773,3
28774,8
28775,21
28776,6
28777,21
28778,15
28779,3
28780,11
28781,9
28782,15
28783,13
28784,16
28785,24
28786,6
28787,15
28788,14
28789,13
28790,14
28791,7
28792,11
28793,9
28794,7
28795,15
28796,6
28797,7
28798,16
28799,12
28800,3
28801,14
28802,24
28803,13
28804,18
28805,0
28806,11
28807,17
28808,14
28809,22
28810,0
28811,7
28812,25
28813,1
28814,14
28815,7
28816,17
28817,4
28818,5
28819,5
28820,7
28821,16
28822,2
28823,22
28824,22
28825,8
28826,20
28827,25
28828,24
28829,18
28830,20
28831,12
28832,14
28833,17
28834,13
28835,8
28836,25
28837,21
28838,1
28839,20
28840,3
28841,16
28842,3
28843,5
28844,13
28845,2
28846,12
28847,21
28848,2
28849,10
28850,25
28851,8
28852,0
28853,19
28854,1
28855,7
28856,17
28857,3
28858,6
28859,1
28860,22
28861,16
28862,23
28863,0
28864,12
28865,25
28866,15
28867,6
28868,9
28869,19
28870,10
28871,0
28872,14
28873,18
28874,20
28875,20
28876,4
28877,11
28878,20
28879,6
28880,22
28881,7
28882,4
28883,17
28884,9
28885,15
28886,10
28887,17
28888,11
28889,16
28890,21
28891,0
28892,0
28893,24
28894,22
28895,20
28896,4
28897,0
28898,12
28899,3
28900,9
28901,24
28902,0
28903,7
28904,21
28905,17
28906,10
28907,13
28908,2
28909,7
28910,2
28911,14
28912,8
28913,23
28914,13
28915,8
28916,9
28917,7
28918,5
28919,0
28920,20
28921,18
28922,19
28923,5
28924,25
28925,20
28926,14
28927,25
28928,4
28929,21
28930,12
28931,21
28932,5
28933,24
28934,4
28935,18
28936,21
28937,9
28938,2
28939,19
28940,24
28941,5
28942,5
28943,18
28944,24
28945,3
28946,9
28947,16
28948,22
28949,4
28950,24
28951,18
28952,24
28953,0
28954,18
28955,9
28956,22
28957,21
28958,12
28959,25
28960,9
28961,16
28962,0
28963,15
28964,13
28965,4
28966,9
28967,14
28968,7
28969,16
28970,11
28971,21
28972,15
28973,21
28974,22
28975,10
28976,25
28977,0
28978,0
28979,4
28980,10
28981,13
28982,2
28983,18
28984,9
28985,15
28986,20
28987,24
28988,20
28989,19
28990,11
28991,20
28992,14
28993,8
28994,3
28995,7
28996,13
28997,4
28998,23
28999,24
29000,22
29001,0
29002,6
29003,21
29004,25
29005,25
29006,17
29007,20
29008,3
29009,22
29010,4
29011,17
29012,17
29013,14
29014,20
29015,2
29016,22
29017,13
29018,17
29019,23
29020,2
29021,13
29022,13
29023,22
29024,7
29025,3
29026,0
29027,4
29028,0
29029,20
29030,14
29031,1
29032,3
29033,2
29034,11
29035,6
29036,3
29037,20
29038,20
29039,6
29040,5
29041,11
29042,16
29043,20
29044,17
29045,20
29046,16
29047,14
29048,2
29049,8
29050,10
29051,7
29052,23
29053,10
29054,17
29055,18
29056,16
29057,10
29058,24
29059,11
29060,10
29061,3
29062,5
29063,0
29064,8
29065,0
29066,12
29067,0
29068,10
29069,15
29070,2
29071,1
29072,16
29073,8
29074,6
29075,5
29076,1
29077,21
29078,19
29079,23
29080,6
29081,13
29082,14
29083,17
29084,6
29085,18
29086,20
29087,12
29088,16
29089,5
29090,0
29091,20
29092,3
29093,21
29094,5
29095,6
29096,23
29097,9
29098,5
29099,8
29100,19
29101,9
29102,0
29103,16
29104,10
29105,11
29106,5
29107,23
29108,24
29109,22
29110,4
29111,10
29112,14
29113,24
29114,16
29115,23
29116,7
29117,9
29118,4
29119,14
29120,2
29121,22
29122,6
29123,5
29124,24
29125,0
29126,24
29127,22
29128,13
29129,22
29130,15
29131,0
29132,6
29133,10
29134,17
29135,8
29136,8
29137,14
29138,0
29139,9
29140,18
29141,2
29142,19
29143,18
29144,13
29145,9
29146,22
29147,21
29148,3
29149,14
29150,5
29151,4
29152,10
29153,11
29154,19
29155,5
29156,11
29157,9
29158,4
29159,2
29160,25
29161,7
29162,8
29163,6
29164,22
29165,8
29166,0
29167,25
29168,1
29169,12
29170,14
29171,0
29172,6
29173,14
29174,3
29175,13
29176,16
29177,23
29178,2
29179,25
29180,8
29181,25
29182,7
29183,23
29184,21
29185,19
29186,12
29187,6
29188,18
29189,2
29190,7
29191,14
29192,16
29193,25
29194,8
29195,2
29196,2
29197,11
29198,14
29199,22
29200,11
29201,4
29202,23
29203,18
29204,10
29205,24
29206,24
29207,9
29208,15
29209,25
29210,8
29211,24
29212,20
29213,25
29214,22
29215,2
29216,5
29217,16
29218,22
29219,17
29220,6
29221,9
29222,22
29223,8
29224,4
29225,0
29226,4
29227,7
29228,0
29229,8
29230,18
29231,4
29232,6
29233,4
29234,10
29235,8
29236,1
29237,6
29238,19
29239,17
29240,0
29241,3
29242,15
29243,10
29244,19
29245,0
29246,13
29247,3
29248,13
29249,20
29250,8
29251,13
29252,25
29253,15
29254,5
29255,10
29256,6
29257,6
29258,2
29259,20
29260,21
29261,21
29262,10
29263,19
29264,3
29265,18
29266,7
29267,0
29268,21
29269,12
29270,17
29271,2
29272,7
29273,17
29274,21
29275,14
29276,14
29277,4
29278,5
29279,6
29280,22
29281,11
29282,24
29283,23
29284,5
29285,19
29286,11
29287,16
29288,12
29289,12
29290,16
29291,22
29292,3
29293,19
29294,0
29295,23
29296,25
29297,18
29298,15
29299,7
29300,4
29301,15
29302,2
29303,23
29304,3
29305,19
29306,13
29307,4
29308,19
29309,12
29310,7
29311,9
29312,12
29313,24
29314,25
29315,23
29316,20
29317,22
29318,21
29319,15
29320,15
29321,3
29322,16
29323,15
29324,18
29325,13
29326,21
29327,9
29328,12
29329,23
29330,17
29331,23
29332,16
29333,16
29334,13
29335,10
29336,19
29337,19
29338,4
29339,20
29340,6
29341,25
29342,13
29343,7
29344,7
29345,16
29346,21
29347,25
29348,13
29349,17
29350,18
29351,2
29352,13
29353,16
29354,23
29355,10
29356,0
29357,2
29358,20
29359,2
29360,21
29361,7
29362,3
29363,5
29364,2
29365,3
29366,12
29367,14
29368,6
29369,11
29370,12
29371,10
29372,1
29373,22
29374,8
29375,19
29376,15
29377,9
29378,19
29379,8
29380,4
29381,23
29382,18
29383,4
29384,8
29385,24
29386,11
29387,25
29388,18
29389,22
29390,20
29391,2
29392,23
29393,0
29394,5
29395,3
29396,2
29397,23
29398,9
29399,20
29400,4
29401,11
29402,25
29403,8
29404,4
29405,22
29406,3
29407,22
29408,2
29409,21
29410,8
29411,25
29412,2
29413,3
29414,25
29415,14
29416,18
29417,13
29418,23
29419,22
29420,23
29421,12
29422,1
29423,6
29424,4
29425,3
29426,18
29427,18
29428,17
29429,14
29430,10
29431,8
29432,23
29433,9
29434,11
29435,22
29436,17
29437,10
29438,17
29439,19
29440,7
29441,24
29442,25
29443,3
29444,14
29445,24
29446,12
29447,19
29448,22
29449,24
29450,22
29451,16
29452,6
29453,16
29454,1
29455,21
29456,1
29457,9
29458,18
29459,4
29460,18
29461,23
29462,11
29463,5
29464,25
29465,16
29466,23
29467,7
29468,1
29469,3
29470,9
29471,18
29472,5
29473,17
29474,17
29475,23
29476,14
29477,8
29478,24
29479,22
29480,18
29481,1
29482,24
29483,8
29484,1
29485,9
29486,19
29487,20
29488,8
29489,24
29490,3
29491,0
29492,25
29493,24
29494,21
29495,7
29496,13
29497,6
29498,23
29499,10
29500,7
29501,15
29502,23
29503,11
29504,25
29505,16
29506,8
29507,2
29508,14
29509,17
29510,22
29511,17
29512,13
29513,9
29514,7
29515,18
29516,14
29517,24
29518,21
29519,11
29520,10
29521,23
29522,2
29523,8
29524,5
29525,9
29526,23
29527,18
29528,4
29529,18
29530,9
29531,17
29532,7
29533,16
29534,2
29535,2
29536,4
29537,17
29538,25
29539,0
29540,23
29541,0
29542,0
29543,14
29544,20
29545,25
29546,9
29547,5
29548,22
29549,13
29550,14
29551,25
29552,19
29553,21
29554,8
29555,12
29556,5
29557,2
29558,1
29559,25
29560,3
29561,7
29562,7
29563,18
29564,21
29565,4
29566,18
29567,12
29568,22
29569,23
29570,6
29571,1
29572,0
29573,21
29574,20
29575,1
29576,8
29577,16
29578,10
29579,7
29580,0
29581,10
29582,14
29583,8
29584,3
29585,1
29586,23
29587,7
29588,4
29589,8
29590,2
29591,13
29592,24
29593,2
29594,3
29595,8
29596,19
29597,5
29598,17
29599,4
29600,15
29601,18
29602,7
29603,3
29604,23
29605,2
29606,25
29607,2
29608,3
29609,14
29610,16
29611,22
29612,17
29613,21
29614,0
29615,8
29616,3
29617,3
29618,16
29619,5
29620,6
29621,5
29622,2
29623,4
29624,11
29625,24
29626,20
29627,17
29628,14
29629,9
29630,11
29631,8
29632,16
29633,13
29634,17
29635,25
29636,24
29637,1
29638,1
29639,0
29640,15
29641,3
29642,13
29643,9
29644,8
29645,4
29646,17
29647,2
29648,9
29649,13
29650,6
29651,6
29652,12
29653,7
29654,23
29655,6
29656,19
29657,13
29658,18
29659,22
29660,18
29661,20
29662,1
29663,8
29664,11
29665,21
29666,16
29667,2
29668,16
29669,10
29670,11
29671,6
29672,22
29673,7
29674,9
29675,2
29676,17
29677,12
29678,13
29679,0
29680,22
29681,19
29682,21
29683,17
29684,7
29685,17
29686,0
29687,20
29688,3
29689,6
29690,4
29691,7
29692,20
29693,9
29694,12
29695,17
29696,10
29697,20
29698,17
29699,17
29700,5
29701,6
29702,9
29703,15
29704,4
29705,10
29706,17
29707,13
29708,3
29709,9
29710,1
29711,15
29712,2
29713,2
29714,22
29715,10
29716,2
29717,11
29718,24
29719,6
29720,21
29721,23
29722,16
29723,25
29724,7
29725,14
29726,22
29727,10
29728,2
29729,1
29730,3
29731,1
29732,18
29733,4
29734,25
29735,1
29736,9
29737,4
29738,0
29739,10
29740,2
29741,10
29742,13
29743,25
29744,16
29745,3
29746,21
29747,6
29748,11
29749,23
29750,18
29751,11
29752,12
29753,8
29754,21
29755,16
29756,16
29757,20
29758,15
29759,21
29760,13
29761,9
29762,11
29763,14
29764,20
29765,5
29766,8
29767,19
29768,0
29769,12
29770,5
29771,5
29772,6
29773,4
29774,19
29775,24
29776,13
29777,22
29778,8
29779,2
29780,24
29781,10
29782,15
29783,1
29784,1
29785,21
29786,3
29787,15
29788,4
29789,17
29790,6
29791,9
29792,0
29793,25
29794,8
29795,8
29796,5
29797,10
29798,8
29799,5
29800,13
29801,23
29802,5
29803,1
29804,12
29805,20
29806,10
29807,13
29808,0
29809,7
29810,14
29811,4
29812,11
29813,25
29814,1
29815,21
29816,25
29817,23
29818,24
29819,20
29820,14
29821,19
29822,7
29823,17
29824,0
29825,4
29826,17
29827,20
29828,25
29829,0
29830,1
29831,6
29832,6
29833,8
29834,0
29835,14
29836,7
29837,3
29838,0
29839,18
29840,17
29841,20
29842,16
29843,0
29844,11
29845,19
29846,24
29847,1
29848,15
29849,0
29850,10
29851,23
29852,11
29853,19
29854,25
29855,8
29856,15
29857,2
29858,15
29859,19
29860,0
29861,19
29862,18
29863,18
29864,12
29865,24
29866,16
29867,6
29868,15
29869,4
29870,0
29871,10
29872,21
29873,21
29874,15
29875,22
29876,23
29877,0
29878,23
29879,19
29880,16
29881,0
29882,20
29883,5
29884,20
29885,13
29886,15
29887,19
29888,13
29889,20
29890,7
29891,15
29892,13
29893,9
29894,21
29895,16
29896,18
29897,12
29898,13
29899,23
29900,15
29901,13
29902,4
29903,15
29904,12
29905,20
29906,25
29907,8
29908,15
29909,14
29910,19
29911,3
29912,23
29913,21
29914,8
29915,2
29916,15
29917,2
29918,24
29919,11
29920,17
29921,9
29922,14
29923,2
29924,6
29925,9
29926,8
29927,7
29928,8
29929,9
29930,19
29931,3
29932,16
29933,9
29934,23
29935,13
29936,20
29937,12
29938,19
29939,5
29940,13
29941,1
29942,5
29943,8
29944,22
29945,7
29946,5
29947,22
29948,5
29949,0
29950,13
29951,13
29952,4
29953,7
29954,8
29955,15
29956,22
29957,8
29958,18
29959,12
29960,18
29961,14
29962,20
29963,9
29964,17
29965,11
29966,1
29967,0
29968,1
29969,7
29970,23
29971,14
29972,0
29973,23
29974,5
29975,24
29976,25
29977,20
29978,23
29979,7
29980,4
29981,16
29982,2
29983,14
29984,13
29985,13
29986,17
29987,8
29988,25
29989,16
29990,3
29991,17
29992,5
29993,21
29994,19
29995,7
29996,16
29997,8
29998,6
29999,25
30000,6
30001,14
30002,7
30003,8
30004,21
30005,23
30006,2
30007,25
30008,15
30009,10
30010,21
30011,3
30012,5
30013,6
30014,23
30015,10
30016,1
30017,2
30018,24
30019,14
30020,1
30021,21
30022,11
30023,14
30024,10
30025,7
30026,0
30027,21
30028,19
30029,20
30030,4
30031,12
30032,9
30033,0
30034,14
30035,15
30036,10
30037,5
30038,21
30039,14
30040,1
30041,17
30042,1
30043,11
30044,9
30045,20
30046,6
30047,10
30048,22
30049,7
30050,24
30051,5
30052,19
30053,9
30054,7
30055,6
30056,7
30057,3
30058,4
30059,15
30060,15
30061,7
30062,24
30063,4
30064,16
30065,5
30066,5
30067,22
30068,7
30069,17
30070,18
30071,19
30072,5
30073,15
30074,10
30075,18
30076,17
30077,6
30078,18
30079,8
30080,5
30081,10
30082,18
30083,18
30084,23
30085,4
30086,14
30087,24
30088,14
30089,3
30090,25
30091,22
30092,5
30093,5
30094,9
30095,13
30096,0
30097,8
30098,20
30099,17
30100,4
30101,6
30102,24
30103,18
30104,18
30105,8
30106,25
30107,21
30108,23
30109,21
30110,4
30111,13
30112,22
30113,12
30114,7
30115,6
30116,11
30117,18
30118,20
30119,9
30120,7
30121,3
30122,22
30123,22
30124,12
30125,15
30126,14
30127,7
30128,14
30129,25
30130,5
30131,19
30132,1
30133,4
30134,25
30135,20
30136,13
30137,20
30138,23
30139,19
30140,10
30141,10
30142,23
30143,16
30144,0
30145,2
30146,4
30147,16
30148,4
30149,3
30150,1
30151,2
30152,12
30153,22
30154,24
30155,15
30156,3
30157,15
30158,4
30159,4
30160,14
30161,13
30162,20
30163,24
30164,18
30165,3
30166,20
30167,22
30168,0
30169,15
30170,20
30171,17
30172,9
30173,15
30174,6
30175,7
30176,9
30177,5
30178,16
30179,14
30180,21
30181,0
30182,3
30183,12
30184,15
30185,22
30186,20
30187,10
30188,7
30189,2
30190,23
30191,8
30192,10
30193,21
30194,17
30195,2
30196,7
30197,15
30198,0
30199,22
30200,5
30201,13
30202,12
30203,2
30204,15
30205,11
30206,22
30207,4
30208,7
30209,22
30210,19
30211,22
30212,16
30213,2
30214,15
30215,1
30216,20
30217,22
30218,18
30219,8
30220,1
30221,24
30222,4
30223,5
30224,17
30225,15
30226,22
30227,8
30228,3
30229,20
30230,10
30231,25
30232,17
30233,8
30234,7
30235,14
30236,17
30237,17
30238,14
30239,10
30240,20
30241,4
30242,13
30243,15
30244,7
30245,20
30246,2
30247,3
30248,3
30249,3
30250,0
30251,2
30252,22
30253,3
30254,12
30255,20
30256,24
30257,4
30258,0
30259,4
30260,11
30261,6
30262,17
30263,9
30264,17
30265,15
30266,1
30267,24
30268,7
30269,10
30270,22
30271,22
30272,6
30273,6
30274,17
30275,2
30276,21
30277,13
30278,12
30279,12
30280,8
30281,16
30282,10
30283,21
30284,16
30285,6
30286,7
30287,0
30288,6
30289,21
30290,24
30291,10
30292,6
30293,5
30294,14
30295,6
30296,13
30297,5
30298,23
30299,15
30300,4
30301,25
30302,15
30303,0
30304,1
30305,2
30306,4
30307,2
30308,4
30309,22
30310,11
30311,15
30312,4
30313,7
30314,12
30315,13
30316,5
30317,19
30318,11
30319,13
30320,18
30321,1
30322,13
30323,6
30324,11
30325,19
30326,13
30327,9
30328,25
30329,13
30330,1
30331,1
30332,0
30333,17
30334,5
30335,5
30336,18
30337,17
30338,13
30339,21
30340,23
30341,25
30342,7
30343,22
30344,6
30345,15
30346,22
30347,13
30348,24
30349,0
30350,21
30351,2
30352,6
30353,22
30354,4
30355,1
30356,1
30357,16
30358,16
30359,19
30360,19
30361,16
30362,1
30363,4
30364,15
30365,14
30366,18
30367,3
30368,20
30369,10
30370,17
30371,18
30372,11
30373,2
30374,24
30375,6
30376,5
30377,11
30378,4
30379,15
30380,22
30381,21
30382,18
30383,20
30384,23
30385,24
30386,3
30387,13
30388,7
30389,4
30390,16
30391,15
30392,24
30393,20
30394,2
30395,4
30396,7
30397,3
30398,11
30399,4
30400,24
30401,23
30402,20
30403,20
30404,0
30405,15
30406,4
30407,20
30408,2
30409,4
30410,5
30411,24
30412,9
30413,18
30414,6
30415,12
30416,5
30417,4
30418,6
30419,22
30420,25
30421,16
30422,5
30423,13
30424,16
30425,22
30426,14
30427,4
30428,15
30429,17
30430,21
30431,12
30432,5
30433,5
30434,5
30435,17
30436,10
30437,19
30438,19
30439,7
30440,18
30441,6
30442,5
30443,16
30444,8
30445,7
30446,6
30447,11
30448,3
30449,9
30450,18
30451,20
30452,13
30453,6
30454,13
30455,18
30456,9
30457,22
30458,20
30459,17
30460,15
30461,24
30462,22
30463,5
30464,16
30465,8
30466,6
30467,10
30468,20
30469,11
30470,9
30471,4
30472,16
30473,20
30474,7
30475,22
30476,15
30477,16
30478,15
30479,21
30480,25
30481,6
30482,21
30483,10
30484,17
30485,18
30486,21
30487,22
30488,20
30489,18
30490,19
30491,10
30492,19
30493,18
30494,18
30495,4
30496,15
30497,10
30498,22
30499,25
30500,15
30501,11
30502,20
30503,19
30504,1
30505,0
30506,2
30507,4
30508,22
30509,11
30510,25
30511,9
30512,11
30513,17
30514,23
30515,11
30516,18
30517,5
30518,9
30519,16
30520,16
30521,21
30522,7
30523,10
30524,8
30525,15
30526,17
30527,14
30528,13
30529,19
30530,25
30531,2
30532,17
30533,12
30534,15
30535,8
30536,15
30537,15
30538,8
30539,14
30540,1
30541,15
30542,19
30543,16
30544,11
30545,23
30546,0
30547,12
30548,23
30549,8
30550,5
30551,12
30552,0
30553,14
30554,1
30555,7
30556,2
30557,24
30558,21
30559,7
30560,24
30561,4
30562,20
30563,20
30564,15
30565,19
30566,2
30567,16
30568,4
30569,13
30570,2
30571,3
30572,17
30573,16
30574,9
30575,0
30576,0
30577,16
30578,18
30579,16
30580,15
30581,12
30582,20
30583,23
30584,13
30585,15
30586,14
30587,1
30588,6
30589,11
30590,10
30591,10
30592,6
30593,2
30594,17
30595,16
30596,16
30597,13
30598,12
30599,7
30600,19
30601,4
30602,9
30603,3
30604,20
30605,2
30606,19
30607,0
30608,6
30609,17
30610,3
30611,12
30612,16
30613,17
30614,15
30615,19
30616,14
30617,4
30618,17
30619,21
30620,3
30621,4
30622,6
30623,13
30624,15
30625,17
30626,24
30627,2
30628,22
30629,16
30630,8
30631,18
30632,17
30633,0
30634,16
30635,25
30636,24
30637,9
30638,19
30639,18
30640,0
30641,8
30642,3
30643,7
30644,23
30645,2
30646,0
30647,7
30648,7
30649,2
30650,23
30651,13
30652,8
30653,17
30654,14
30655,9
30656,22
30657,25
30658,17
30659,0
30660,23
30661,6
30662,0
30663,9
30664,14
30665,16
30666,21
30667,8
30668,14
30669,14
30670,24
30671,2
30672,11
30673,6
30674,19
30675,22
30676,14
30677,12
30678,5
30679,3
30680,4
30681,8
30682,12
30683,16
30684,6
30685,8
30686,21
30687,5
30688,4
30689,23
30690,14
30691,3
30692,1
30693,3
30694,6
30695,0
30696,0
30697,9
30698,7
30699,25
30700,20
30701,2
30702,22
30703,14
30704,0
30705,2
30706,12
30707,11
30708,3
30709,23
30710,23
30711,19
30712,23
30713,19
30714,7
30715,24
30716,14
30717,11
30718,21
30719,6
30720,2
30721,19
30722,9
30723,21
30724,22
30725,19
30726,4
30727,6
30728,4
30729,8
30730,6
30731,5
30732,0
30733,21
30734,15
30735,14
30736,20
30737,21
30738,13
30739,7
30740,17
30741,12
30742,12
30743,8
30744,12
30745,22
30746,4
30747,2
30748,23
30749,1
30750,23
30751,24
30752,9
30753,15
30754,22
30755,17
30756,10
30757,9
30758,24
30759,25
30760,22
30761,0
30762,13
30763,11
30764,19
30765,8
30766,7
30767,19
30768,19
30769,11
30770,24
30771,7
30772,17
30773,24
30774,6
30775,4
30776,22
30777,5
30778,14
30779,2
30780,10
30781,6
30782,12
30783,24
30784,18
30785,8
30786,20
30787,22
30788,18
30789,0
30790,18
30791,3
30792,14
30793,18
30794,21
30795,4
30796,9
30797,8
30798,8
30799,2
30800,23
30801,10
30802,5
30803,25
30804,11
30805,1
30806,12
30807,2
30808,23
30809,20
30810,4
30811,6
30812,22
30813,21
30814,0
30815,18
30816,0
30817,18
30818,18
30819,14
30820,7
30821,3
30822,21
30823,6
30824,24
30825,24
30826,19
30827,14
30828,13
30829,25
30830,0
30831,8
30832,7
30833,9
30834,21
30835,0
30836,16
30837,16
30838,15
30839,0
30840,0
30841,11
30842,2
30843,19
30844,22
30845,7
30846,15
30847,4
30848,11
30849,17
30850,17
30851,16
30852,25
30853,5
30854,7
30855,14
30856,6
30857,18
30858,8
30859,7
30860,17
30861,6
30862,22
30863,6
30864,14
30865,11
30866,12
30867,0
30868,24
30869,2
30870,20
30871,5
30872,15
30873,15
30874,7
30875,1
30876,2
30877,14
30878,0
30879,4
30880,0
30881,6
30882,9
30883,14
30884,2
30885,3
30886,6
30887,23
30888,23
30889,15
30890,5
30891,1
30892,13
30893,0
30894,13
30895,1
30896,5
30897,9
30898,18
30899,16
30900,7
30901,0
30902,0
30903,4
30904,10
30905,22
30906,22
30907,25
30908,21
30909,16
30910,7
30911,12
30912,4
30913,11
30914,20
30915,20
30916,11
30917,9
30918,15
30919,4
30920,24
30921,2
30922,9
30923,11
30924,3
30925,4
30926,0
30927,6
30928,10
30929,11
30930,24
30931,23
30932,6
30933,12
30934,14
30935,14
30936,5
30937,19
30938,22
30939,0
30940,10
30941,3
30942,25
30943,17
30944,19
30945,8
30946,11
30947,5
30948,16
30949,14
30950,25
30951,10
30952,20
30953,24
30954,15
30955,12
30956,18
30957,12
30958,18
30959,10
30960,16
30961,12
30962,0
30963,10
30964,11
30965,2
30966,6
30967,13
30968,10
30969,12
30970,6
30971,24
30972,21
30973,4
30974,18
30975,12
30976,14
30977,7
30978,16
30979,19
30980,5
30981,17
30982,13
30983,21
30984,2
30985,8
30986,9
30987,16
30988,6
30989,10
30990,17
30991,5
30992,1
30993,4
30994,9
30995,6
30996,24
30997,2
30998,16
30999,14
31000,16
31001,21
31002,23
31003,25
31004,12
31005,8
31006,23
31007,21
31008,16
31009,8
31010,1
31011,15
31012,16
31013,9
31014,2
31015,18
31016,1
31017,19
31018,18
31019,2
31020,2
31021,14
31022,11
31023,9
31024,10
31025,25
31026,22
31027,12
31028,23
31029,22
31030,2
31031,4
31032,2
31033,16
31034,25
31035,19
31036,16
31037,16
31038,12
31039,13
31040,23
31041,18
31042,23
31043,19
31044,9
31045,25
31046,22
31047,21
31048,3
31049,23
31050,24
31051,22
31052,23
31053,18
31054,1
31055,16
31056,10
31057,24
31058,25
31059,3
31060,5
31061,5
31062,18
31063,22
31064,4
31065,2
31066,21
31067,4
31068,7
31069,15
31070,15
31071,3
31072,7
31073,8
31074,20
31075,22
31076,22
31077,3
31078,4
31079,24
31080,4
31081,18
31082,1
31083,2
31084,25
31085,11
31086,25
31087,23
31088,16
31089,16
31090,13
31091,21
31092,4
31093,5
31094,11
31095,14
31096,10
31097,20
31098,25
31099,12
31100,19
31101,4
31102,19
31103,0
31104,3
31105,13
31106,19
31107,10
31108,13
31109,24
31110,13
31111,25
31112,16
31113,20
31114,13
31115,21
31116,18
31117,1
31118,7
31119,22
31120,8
31121,0
31122,9
31123,2
31124,3
31125,0
31126,12
31127,8
31128,4
31129,3
31130,15
31131,15
31132,18
31133,8
31134,15
31135,19
31136,16
31137,10
31138,19
31139,7
31140,8
31141,14
31142,20
31143,24
31144,9
31145,13
31146,16
31147,14
31148,2
31149,6
31150,17
31151,16
31152,10
31153,8
31154,8
31155,17
31156,10
31157,14
31158,25
31159,9
31160,7
31161,0
31162,0
31163,10
31164,17
31165,25
31166,12
31167,4
31168,19
31169,20
31170,23
31171,22
31172,5
31173,17
31174,7
31175,8
31176,17
31177,12
31178,18
31179,8
31180,24
31181,7
31182,6
31183,4
31184,8
31185,21
31186,12
31187,4
31188,1
31189,22
31190,5
31191,7
31192,2
31193,12
31194,17
31195,2
31196,12
31197,3
31198,5
31199,12
31200,4
31201,1
31202,14
31203,6
31204,8
31205,2
31206,6
31207,23
31208,16
31209,23
31210,1
31211,3
31212,0
31213,5
31214,8
31215,7
31216,14
31217,7
31218,17
31219,25
31220,17
31221,21
31222,22
31223,2
31224,14
31225,11
31226,8
31227,4
31228,8
31229,3
31230,15
31231,18
31232,11
31233,13
31234,11
31235,12
31236,12
31237,4
31238,20
31239,9
31240,11
31241,9
31242,0
31243,22
31244,5
31245,9
31246,5
31247,9
31248,14
31249,19
31250,16
31251,0
31252,24
31253,16
31254,10
31255,25
31256,3
31257,11
31258,10
31259,0
31260,11
31261,15
31262,14
31263,22
31264,20
31265,10
31266,4
31267,10
31268,2
31269,18
31270,11
31271,6
31272,23
31273,17
31274,21
31275,20
31276,1
31277,19
31278,9
31279,7
31280,1
31281,13
31282,22
31283,17
31284,14
31285,23
31286,6
31287,1
31288,0
31289,16
31290,23
31291,18
31292,12
31293,7
31294,17
31295,23
31296,24
31297,22
31298,25
31299,18
31300,22
31301,2
31302,3
31303,13
31304,24
31305,13
31306,10
31307,6
31308,1
31309,23
31310,21
31311,20
31312,10
31313,19
31314,4
31315,18
31316,0
31317,16
31318,2
31319,22
31320,18
31321,23
31322,1
31323,18
31324,19
31325,19
31326,9
31327,7
31328,6
31329,21
31330,23
31331,19
31332,23
31333,21
31334,0
31335,11
31336,19
31337,16
31338,0
31339,13
31340,25
31341,1
31342,18
31343,20
31344,18
31345,19
31346,23
31347,22
31348,17
31349,13
31350,13
31351,14
31352,12
31353,16
31354,17
31355,12
31356,21
31357,6
31358,24
31359,24
31360,23
31361,12
31362,1
31363,17
31364,4
31365,4
31366,2
31367,25
31368,21
31369,7
31370,18
31371,23
31372,23
31373,15
31374,5
31375,13
31376,6
31377,4
31378,2
31379,12
31380,4
31381,5
31382,22
31383,11
31384,10
31385,10
31386,0
31387,16
31388,25
31389,5
31390,8
31391,1
31392,7
31393,2
31394,8
31395,4
31396,17
31397,3
31398,9
31399,7
31400,6
31401,22
31402,6
31403,19
31404,15
31405,6
31406,8
31407,13
31408,6
31409,20
31410,24
31411,16
31412,8
31413,7
31414,20
31415,8
31416,18
31417,15
31418,14
31419,20
31420,20
31421,3
31422,0
31423,7
31424,12
31425,18
31426,4
31427,22
31428,1
31429,18
31430,20
31431,25
31432,13
31433,10
31434,14
31435,12
31436,18
31437,7
31438,10
31439,0
31440,16
31441,17
31442,18
31443,13
31444,14
31445,11
31446,10
31447,13
31448,8
31449,22
31450,13
31451,7
31452,14
31453,22
31454,3
31455,22
31456,0
31457,12
31458,11
31459,2
31460,4
31461,16
31462,14
31463,25
31464,4
31465,11
31466,11
31467,22
31468,21
31469,3
31470,7
31471,9
31472,17
31473,20
31474,18
31475,23
31476,25
31477,16
31478,2
31479,9
31480,20
31481,17
31482,14
31483,19
31484,17
31485,10
31486,21
31487,10
31488,23
31489,17
31490,14
31491,19
31492,11
31493,3
31494,3
31495,0
31496,13
31497,3
31498,3
31499,17
31500,25
31501,8
31502,17
31503,16
31504,24
31505,8
31506,25
31507,7
31508,1
31509,14
31510,3
31511,23
31512,21
31513,22
31514,0
31515,1
31516,8
31517,24
31518,22
31519,10
31520,5
31521,8
31522,16
31523,22
31524,16
31525,22
31526,15
31527,23
31528,17
31529,13
31530,13
31531,12
31532,6
31533,16
31534,12
31535,12
31536,21
31537,1
31538,7
31539,0
31540,22
31541,0
31542,5
31543,12
31544,18
31545,18
31546,4
31547,21
31548,16
31549,21
31550,19
31551,17
31552,15
31553,4
31554,5
31555,5
31556,19
31557,11
31558,23
31559,14
31560,24
31561,24
31562,14
31563,24
31564,22
31565,11
31566,13
31567,18
31568,2
31569,11
31570,7
31571,0
31572,2
31573,19
31574,11
31575,1
31576,12
31577,2
31578,15
31579,6
31580,24
31581,16
31582,21
31583,2
31584,4
31585,1
31586,11
31587,11
31588,17
31589,16
31590,4
31591,20
31592,25
31593,18
31594,7
31595,10
31596,24
31597,18
31598,20
31599,20
31600,9
31601,20
31602,9
31603,17
31604,10
31605,14
31606,10
31607,13
31608,14
31609,7
31610,8
31611,23
31612,5
31613,6
31614,18
31615,5
31616,4
31617,20
31618,0
31619,19
31620,18
31621,0
31622,20
31623,13
31624,3
31625,21
31626,3
31627,17
31628,24
31629,19
31630,11
31631,19
31632,20
31633,0
31634,4
31635,0
31636,25
31637,12
31638,16
31639,6
31640,7
31641,16
31642,1
31643,22
31644,11
31645,1
31646,7
31647,25
31648,17
31649,6
31650,6
31651,12
31652,23
31653,0
31654,12
31655,2
31656,8
31657,24
31658,22
31659,24
31660,23
31661,25
31662,10
31663,23
31664,8
31665,16
31666,14
31667,6
31668,11
31669,1
31670,14
31671,8
31672,20
31673,6
31674,0
31675,19
31676,4
31677,9
31678,18
31679,20
31680,18
31681,10
31682,0
31683,11
31684,5
31685,7
31686,1
31687,4
31688,3
31689,4
31690,7
31691,19
31692,8
31693,7
31694,8
31695,13
31696,21
31697,0
31698,24
31699,2
31700,12
31701,15
31702,4
31703,9
31704,10
31705,18
31706,9
31707,11
31708,17
31709,18
31710,1
31711,8
31712,16
31713,4
31714,10
31715,2
31716,25
31717,4
31718,5
31719,17
31720,13
31721,19
31722,13
31723,3
31724,7
31725,8
31726,13
31727,2
31728,22
31729,1
31730,16
31731,25
31732,21
31733,9
31734,9
31735,24
31736,21
31737,14
31738,24
31739,6
31740,19
31741,17
31742,5
31743,6
31744,20
31745,5
31746,21
31747,11
31748,23
31749,10
31750,25
31751,11
31752,24
31753,24
31754,14
31755,23
31756,11
31757,25
31758,1
31759,16
31760,16
31761,13
31762,15
31763,11
31764,13
31765,14
31766,11
31767,19
31768,8
31769,5
31770,23
31771,5
31772,21
31773,20
31774,1
31775,4
31776,20
31777,19
31778,2
31779,15
31780,4
31781,2
31782,3
31783,16
31784,24
31785,20
31786,7
31787,5
31788,2
31789,25
31790,23
31791,4
31792,6
31793,6
31794,23
31795,13
31796,3
31797,25
31798,2
31799,24
31800,20
31801,11
31802,11
31803,24
31804,4
31805,23
31806,3
31807,17
31808,24
31809,9
31810,19
31811,5
31812,3
31813,5
31814,13
31815,11
31816,0
31817,15
31818,20
31819,25
31820,11
31821,6
31822,16
31823,7
31824,18
31825,3
31826,6
31827,19
31828,17
31829,19
31830,24
31831,24
31832,7
31833,18
31834,2
31835,4
31836,13
31837,25
31838,15
31839,24
31840,9
31841,21
31842,20
31843,13
31844,4
31845,22
31846,25
31847,1
31848,2
31849,9
31850,20
31851,16
31852,7
31853,23
31854,20
31855,8
31856,5
31857,19
31858,12
31859,16
31860,11
31861,21
31862,24
31863,13
31864,2
31865,12
31866,14
31867,15
31868,1
31869,25
31870,25
31871,1
31872,19
31873,13
31874,14
31875,12
31876,18
31877,12
31878,20
31879,0
31880,4
31881,20
31882,3
31883,22
31884,10
31885,23
31886,19
31887,13
31888,24
31889,24
31890,5
31891,4
31892,10
31893,13
31894,7
31895,8
31896,15
31897,8
31898,5
31899,2
31900,18
31901,0
31902,11
31903,9
31904,13
31905,22
31906,5
31907,4
31908,3
31909,9
31910,9
31911,22
31912,23
31913,22
31914,11
31915,1
31916,5
31917,3
31918,13
31919,23
31920,22
31921,18
31922,2
31923,14
31924,10
31925,1
31926,20
31927,11
31928,4
31929,7
31930,2
31931,4
31932,7
31933,10
31934,1
31935,0
31936,12
31937,17
31938,5
31939,23
31940,13
31941,7
31942,0
31943,14
31944,8
31945,0
31946,21
31947,0
31948,13
31949,20
31950,20
31951,10
31952,8
31953,15
31954,24
31955,10
31956,8
31957,4
31958,2
31959,11
31960,8
31961,6
31962,6
31963,20
31964,15
31965,19
31966,11
31967,13
31968,3
31969,1
31970,4
31971,20
31972,16
31973,2
31974,15
31975,1
31976,8
31977,0
31978,21
31979,17
31980,6
31981,4
31982,18
31983,12
31984,4
31985,13
31986,9
31987,2
31988,9
31989,15
31990,11
31991,25
31992,20
31993,2
31994,3
31995,10
31996,0
31997,19
31998,11
31999,25
32000,1
32001,21
32002,1
32003,20
32004,17
32005,8
32006,7
32007,8
32008,15
32009,22
32010,22
32011,21
32012,5
32013,8
32014,15
32015,10
32016,10
32017,14
32018,19
32019,3
32020,12
32021,19
32022,21
32023,12
32024,13
32025,20
32026,18
32027,5
32028,18
32029,18
32030,18
32031,15
32032,14
32033,7
32034,5
32035,12
32036,0
32037,15
32038,11
32039,3
32040,10
32041,4
32042,21
32043,11
32044,7
32045,16
32046,15
32047,8
32048,14
32049,24
32050,0
32051,8
32052,2
32053,0
32054,15
32055,5
32056,22
32057,11
32058,11
32059,25
32060,2
32061,17
32062,1
32063,20
32064,25
32065,1
32066,17
32067,4
32068,0
32069,15
32070,1
32071,5
32072,18
32073,14
32074,9
32075,13
32076,10
32077,10
32078,7
32079,0
32080,7
32081,3
32082,8
32083,8
32084,11
32085,25
32086,2
32087,3
32088,24
32089,23
32090,12
32091,2
32092,14
32093,10
32094,2
32095,14
32096,9
32097,6
32098,6
32099,25
32100,17
32101,25
32102,17
32103,19
32104,20
32105,25
32106,8
32107,5
32108,17
32109,8
32110,16
32111,10
32112,15
32113,22
32114,11
32115,16
32116,20
32117,18
32118,3
32119,1
32120,22
32121,15
32122,16
32123,19
32124,4
32125,5
32126,14
32127,1
32128,18
32129,1
32130,7
32131,14
32132,12
32133,0
32134,17
32135,22
32136,21
32137,23
32138,4
32139,6
32140,20
32141,22
32142,1
32143,21
32144,22
32145,11
32146,10
32147,8
32148,13
32149,25
32150,7
32151,12
32152,12
32153,1
32154,25
32155,15
32156,4
32157,0
32158,15
32159,17
32160,8
32161,9
32162,9
32163,11
32164,15
32165,22
32166,20
32167,2
32168,11
32169,20
32170,1
32171,9
32172,14
32173,21
32174,17
32175,3
32176,9
32177,11
32178,8
32179,2
32180,24
32181,17
32182,3
32183,11
32184,23
32185,16
32186,15
32187,12
32188,17
32189,8
32190,16
32191,20
32192,12
32193,8
32194,16
32195,15
32196,19
32197,19
32198,1
32199,6
32200,8
32201,24
32202,17
32203,22
32204,9
32205,4
32206,5
32207,12
32208,15
32209,17
32210,1
32211,18
32212,14
32213,24
32214,19
32215,7
32216,24
32217,7
32218,5
32219,4
32220,0
32221,21
32222,14
32223,6
32224,21
32225,9
32226,25
32227,1
32228,15
32229,7
32230,12
32231,0
32232,13
32233,10
32234,17
32235,23
32236,16
32237,6
32238,25
32239,5
32240,13
32241,21
32242,9
32243,0
32244,8
32245,17
32246,21
32247,8
32248,13
32249,21
32250,4
32251,11
32252,13
32253,20
32254,14
32255,7
32256,12
32257,19
32258,14
32259,24
32260,19
32261,8
32262,0
32263,22
32264,14
32265,0
32266,2
32267,22
32268,22
32269,17
32270,3
32271,11
32272,1
32273,3
32274,10
32275,7
32276,24
32277,15
32278,2
32279,9
32280,24
32281,0
32282,13
32283,1
32284,4
32285,15
32286,10
32287,7
32288,1
32289,11
32290,11
32291,7
32292,23
32293,16
32294,20
32295,14
32296,20
32297,12
32298,0
32299,15
32300,21
32301,13
32302,5
32303,12
32304,3
32305,5
32306,19
32307,8
32308,14
32309,9
32310,6
32311,15
32312,22
32313,6
32314,17
32315,10
32316,9
32317,17
32318,8
32319,22
32320,21
32321,14
32322,25
32323,6
32324,18
32325,6
32326,22
32327,14
32328,1
32329,16
32330,14
32331,10
32332,8
32333,17
32334,21
32335,4
32336,10
32337,19
32338,7
32339,2
32340,17
32341,19
32342,23
32343,8
32344,18
32345,12
32346,25
32347,19
32348,8
32349,4
32350,9
32351,2
32352,22
32353,9
32354,24
32355,4
32356,21
32357,21
32358,10
32359,25
32360,25
32361,11
32362,20
32363,14
32364,12
32365,12
32366,14
32367,5
32368,1
32369,7
32370,4
32371,15
32372,23
32373,22
32374,21
32375,9
32376,5
32377,11
32378,18
32379,22
32380,1
32381,20
32382,16
32383,11
32384,11
32385,8
32386,20
32387,13
32388,21
32389,12
32390,25
32391,9
32392,12
32393,8
32394,25
32395,25
32396,24
32397,21
32398,5
32399,5
32400,7
32401,18
32402,5
32403,19
32404,9
32405,2
32406,16
32407,12
32408,9
32409,21
32410,3
32411,23
32412,19
32413,22
32414,9
32415,12
32416,6
32417,21
32418,23
32419,4
32420,20
32421,12
32422,10
32423,19
32424,25
32425,15
32426,25
32427,17
32428,7
32429,11
32430,14
32431,1
32432,11
32433,24
32434,1
32435,21
32436,0
32437,7
32438,15
32439,1
32440,2
32441,10
32442,21
32443,19
32444,15
32445,8
32446,6
32447,14
32448,17
32449,1
32450,17
32451,15
32452,3
32453,15
32454,24
32455,9
32456,5
32457,9
32458,2
32459,20
32460,16
32461,2
32462,18
32463,5
32464,20
32465,1
32466,16
32467,11
32468,22
32469,22
32470,1
32471,18
32472,13
32473,8
32474,22
32475,4
32476,15
32477,14
32478,0
32479,21
32480,14
32481,11
32482,6
32483,9
32484,20
32485,10
32486,19
32487,8
32488,2
32489,25
32490,19
32491,3
32492,9
32493,20
32494,21
32495,9
32496,5
32497,11
32498,1
32499,7
32500,10
32501,24
32502,19
32503,2
32504,22
32505,20
32506,4
32507,24
32508,22
32509,0
32510,14
32511,23
32512,8
32513,10
32514,10
32515,15
32516,16
32517,1
32518,15
32519,25
32520,1
32521,12
32522,5
32523,19
32524,4
32525,2
32526,9
32527,24
32528,18
32529,9
32530,11
32531,6
32532,23
32533,12
32534,8
32535,21
32536,12
32537,4
32538,23
32539,18
32540,2
32541,3
32542,10
32543,13
32544,24
32545,11
32546,4
32547,1
32548,9
32549,13
32550,15
32551,10
32552,14
32553,8
32554,9
32555,18
32556,3
32557,21
32558,6
32559,3
32560,17
32561,9
32562,13
32563,8
32564,23
32565,5
32566,22
32567,24
32568,22
32569,10
32570,7
32571,9
32572,22
32573,5
32574,11
32575,11
32576,9
32577,18
32578,11
32579,5
32580,8
32581,9
32582,20
32583,21
32584,23
32585,2
32586,9
32587,4
32588,14
32589,19
32590,23
32591,7
32592,23
32593,4
32594,6
32595,13
32596,6
32597,6
32598,20
32599,10
32600,23
32601,9
32602,8
32603,22
32604,23
32605,7
32606,4
32607,17
32608,7
32609,23
32610,13
32611,5
32612,22
32613,5
32614,12
32615,1
32616,3
32617,10
32618,15
32619,3
32620,12
32621,17
32622,11
32623,2
32624,17
32625,14
32626,14
32627,1
32628,24
32629,13
32630,9
32631,5
32632,23
32633,23
32634,25
32635,4
32636,21
32637,17
32638,16
32639,21
32640,21
32641,2
32642,20
32643,10
32644,20
32645,12
32646,10
32647,11
32648,4
32649,17
32650,10
32651,14
32652,2
32653,6
32654,3
32655,15
32656,24
32657,14
32658,22
32659,17
32660,23
32661,4
32662,4
32663,12
32664,25
32665,18
32666,22
32667,4
32668,5
32669,1
32670,14
32671,16
32672,10
32673,5
32674,3
32675,5
32676,10
32677,15
32678,4
32679,4
32680,13
32681,15
32682,25
32683,6
32684,5
32685,24
32686,10
32687,22
32688,5
32689,16
32690,20
32691,16
32692,20
32693,11
32694,9
32695,17
32696,0
32697,6
32698,8
32699,11
32700,6
32701,23
32702,17
32703,15
32704,2
32705,2
32706,24
32707,9
32708,17
32709,9
32710,16
32711,10
32712,2
32713,21
32714,1
32715,17
32716,2
32717,4
32718,20
32719,10
32720,5
32721,6
32722,18
32723,13
32724,20
32725,15
32726,18
32727,8
32728,14
32729,8
32730,4
32731,1
32732,7
32733,18
32734,12
32735,22
32736,17
32737,14
32738,1
32739,5
32740,17
32741,15
32742,8
32743,1
32744,13
32745,8
32746,0
32747,12
32748,5
32749,16
32750,11
32751,22
32752,25
32753,9
32754,10
32755,1
32756,9
32757,1
32758,11
32759,17
32760,4
32761,10
32762,24
32763,24
32764,14
32765,8
32766,6
32767,9
32768,9
32769,8
32770,24
32771,7
32772,16
32773,23
32774,2
32775,8
32776,4
32777,4
32778,12
32779,14
32780,6
32781,3
32782,18
32783,0
32784,8
32785,20
32786,5
32787,7
32788,9
32789,0
32790,20
32791,22
32792,14
32793,16
32794,24
32795,15
32796,10
32797,18
32798,9
32799,14
32800,22
32801,18
32802,17
32803,11
32804,14
32805,12
32806,0
32807,16
32808,24
32809,8
32810,7
32811,18
32812,25
32813,19
32814,21
32815,7
32816,21
32817,1
32818,1
32819,6
32820,23
32821,19
32822,14
32823,9
32824,20
32825,10
32826,25
32827,25
32828,17
32829,23
32830,10
32831,21
32832,1
32833,19
32834,25
32835,14
32836,2
32837,2
32838,9
32839,8
32840,3
32841,14
32842,4
32843,16
32844,20
32845,18
32846,25
32847,10
32848,25
32849,19
32850,24
32851,16
32852,9
32853,13
32854,24
32855,10
32856,16
32857,12
32858,25
32859,22
32860,2
32861,14
32862,6
32863,24
32864,12
32865,22
32866,10
32867,5
32868,16
32869,7
32870,1
32871,14
32872,23
32873,17
32874,5
32875,14
32876,0
32877,19
32878,19
32879,11
32880,13
32881,0
32882,8
32883,13
32884,16
32885,6
32886,0
32887,25
32888,7
32889,3
32890,9
32891,3
32892,9
32893,6
32894,17
32895,0
32896,23
32897,12
32898,15
32899,1
32900,24
32901,15
32902,7
32903,1
32904,0
32905,10
32906,20
32907,25
32908,14
32909,3
32910,14
32911,13
32912,13
32913,3
32914,20
32915,14
32916,19
32917,14
32918,0
32919,23
32920,7
32921,3
32922,22
32923,11
32924,10
32925,20
32926,14
32927,13
32928,4
32929,15
32930,19
32931,20
32932,21
32933,24
32934,25
32935,6
32936,10
32937,19
32938,7
32939,25
32940,20
32941,23
32942,14
32943,7
32944,22
32945,17
32946,9
32947,18
32948,8
32949,1
32950,7
32951,3
32952,2
32953,25
32954,17
32955,20
32956,5
32957,9
32958,7
32959,8
32960,11
32961,22
32962,9
32963,17
32964,17
32965,12
32966,2
32967,16
32968,9
32969,4
32970,8
32971,14
32972,2
32973,12
32974,18
32975,6
32976,23
32977,13
32978,3
32979,9
32980,24
32981,13
32982,16
32983,2
32984,19
32985,18
32986,25
32987,2
32988,18
32989,13
32990,1
32991,4
32992,4
32993,2
32994,11
32995,11
32996,14
32997,1
32998,0
32999,6
33000,5
33001,7
33002,8
33003,19
33004,5
33005,21
33006,25
33007,2
33008,10
33009,2
33010,1
33011,24
33012,0
33013,11
33014,7
33015,9
33016,6
33017,16
33018,25
33019,14
33020,3
33021,8
33022,17
33023,7
33024,3
33025,11
33026,7
33027,24
33028,10
33029,3
33030,25
33031,0
33032,25
33033,18
33034,4
33035,22
33036,12
33037,10
33038,14
33039,8
33040,12
33041,3
33042,2
33043,0
33044,15
33045,18
33046,23
33047,7
33048,25
33049,24
33050,19
33051,19
33052,8
33053,24
33054,0
33055,7
33056,7
33057,20
33058,17
33059,12
33060,2
33061,12
33062,1
33063,12
33064,22
33065,18
33066,9
33067,12
33068,16
33069,0
33070,23
33071,4
33072,19
33073,2
33074,21
33075,0
33076,2
33077,0
33078,5
33079,9
33080,19
33081,3
33082,15
33083,22
33084,6
33085,22
33086,12
33087,5
33088,18
33089,20
33090,5
33091,17
33092,10
33093,14
33094,5
33095,10
33096,1
33097,9
33098,9
33099,0
33100,0
33101,19
33102,12
33103,16
33104,12
33105,17
33106,12
33107,12
33108,22
33109,14
33110,14
33111,22
33112,2
33113,15
33114,2
33115,10
33116,12
33117,20
33118,13
33119,16
33120,3
33121,23
33122,8
33123,14
33124,11
33125,15
33126,9
33127,24
33128,5
33129,16
33130,5
33131,25
33132,12
33133,12
33134,8
33135,21
33136,15
33137,0
33138,20
33139,2
33140,22
33141,6
33142,12
33143,4
33144,11
33145,17
33146,25
33147,20
33148,24
33149,13
33150,8
33151,6
33152,9
33153,18
33154,5
33155,13
33156,13
33157,2
33158,13
33159,2
33160,11
33161,24
33162,23
33163,15
33164,22
33165,25
33166,17
33167,18
33168,14
33169,9
33170,5
33171,11
33172,22
33173,14
33174,14
33175,8
33176,8
33177,1
33178,1
33179,24
33180,5
33181,21
33182,11
33183,16
33184,23
33185,1
33186,8
33187,0
33188,2
33189,1
33190,16
33191,14
33192,9
33193,23
33194,5
33195,10
33196,21
33197,19
33198,21
33199,16
33200,1
33201,1
33202,21
33203,1
33204,16
33205,25
33206,19
33207,14
33208,12
33209,16
33210,17
33211,22
33212,2
33213,5
33214,7
33215,5
33216,23
33217,8
33218,2
33219,4
33220,13
33221,2
33222,4
33223,8
33224,20
33225,5
33226,22
33227,22
33228,22
33229,10
33230,10
33231,3
33232,6
33233,12
33234,6
33235,23
33236,2
33237,5
33238,9
33239,2
33240,22
33241,14
33242,23
33243,15
33244,20
33245,3
33246,13
33247,22
33248,12
33249,2
33250,23
33251,1
33252,17
33253,1
33254,18
33255,25
33256,0
33257,8
33258,13
33259,19
33260,21
33261,24
33262,2
33263,18
33264,8
33265,16
33266,1
33267,9
33268,3
33269,0
33270,15
33271,7
33272,7
33273,2
33274,10
33275,12
33276,12
33277,9
33278,23
33279,19
33280,3
33281,3
33282,21
33283,3
33284,16
33285,20
33286,6
33287,21
33288,18
33289,6
33290,14
33291,3
33292,12
33293,6
33294,12
33295,16
33296,9
33297,10
33298,17
33299,8
33300,21
33301,23
33302,5
33303,3
33304,12
33305,18
33306,11
33307,20
33308,19
33309,0
33310,23
33311,15
33312,14
33313,22
33314,4
33315,7
33316,19
33317,7
33318,12
33319,14
33320,2
33321,13
33322,20
33323,18
33324,17
33325,23
33326,16
33327,16
33328,25
33329,10
33330,9
33331,12
33332,17
33333,20
33334,1
33335,2
33336,23
33337,3
33338,19
33339,3
33340,9
33341,14
33342,0
33343,24
33344,6
33345,15
33346,14
33347,12
33348,8
33349,24
33350,12
33351,25
33352,0
33353,22
33354,4
33355,8
33356,17
33357,18
33358,14
33359,15
33360,0
33361,15
33362,9
33363,1
33364,5
33365,15
33366,13
33367,9
33368,10
33369,5
33370,11
33371,25
33372,19
33373,11
33374,13
33375,22
33376,18
33377,7
33378,9
33379,6
33380,16
33381,6
33382,23
33383,9
33384,23
33385,3
33386,9
33387,9
33388,15
33389,24
33390,24
33391,20
33392,9
33393,6
33394,7
33395,21
33396,2
33397,19
33398,21
33399,15
33400,3
33401,3
33402,2
33403,1
33404,18
33405,19
33406,2
33407,9
33408,0
33409,20
33410,21
33411,20
33412,15
33413,10
33414,18
33415,11
33416,22
33417,4
33418,15
33419,9
33420,24
33421,11
33422,16
33423,15
33424,22
33425,20
33426,23
33427,13
33428,25
33429,5
33430,7
33431,23
33432,15
33433,3
33434,20
33435,5
33436,23
33437,8
33438,22
33439,19
33440,19
33441,8
33442,7
33443,20
33444,14
33445,0
33446,19
33447,21
33448,12
33449,22
33450,9
33451,19
33452,11
33453,1
33454,17
33455,14
33456,20
33457,15
33458,18
33459,11
33460,6
33461,13
33462,5
33463,9
33464,23
33465,4
33466,2
33467,2
33468,13
33469,1
33470,18
33471,12
33472,25
33473,12
33474,6
33475,13
33476,9
33477,9
33478,5
33479,19
33480,18
33481,11
33482,2
33483,19
33484,21
33485,20
33486,11
33487,7
33488,19
33489,11
33490,4
33491,10
33492,15
33493,22
33494,4
33495,1
33496,23
33497,14
33498,19
33499,23
33500,6
33501,1
33502,8
33503,13
33504,7
33505,3
33506,16
33507,19
33508,3
33509,0
33510,8
33511,16
33512,19
33513,12
33514,17
33515,14
33516,0
33517,8
33518,3
33519,10
33520,9
33521,25
33522,24
33523,23
33524,16
33525,13
33526,24
33527,13
33528,24
33529,2
33530,9
33531,10
33532,17
33533,5
33534,8
33535,8
33536,17
33537,25
33538,19
33539,2
33540,22
33541,23
33542,0
33543,17
33544,14
33545,2
33546,16
33547,12
33548,17
33549,18
33550,8
33551,25
33552,9
33553,1
33554,4
33555,16
33556,15
33557,13
33558,16
33559,21
33560,23
33561,24
33562,10
33563,13
33564,3
33565,23
33566,23
33567,24
33568,19
33569,15
33570,7
33571,5
33572,17
33573,7
33574,2
33575,19
33576,10
33577,6
33578,10
33579,16
33580,0
33581,23
33582,7
33583,23
33584,17
33585,21
33586,22
33587,6
33588,23
33589,2
33590,11
33591,23
33592,23
33593,11
33594,13
33595,12
33596,25
33597,6
33598,20
33599,22
33600,25
33601,2
33602,9
33603,1
33604,1
33605,1
33606,11
33607,20
33608,17
33609,14
33610,0
33611,13
33612,11
33613,6
33614,6
33615,13
33616,2
33617,10
33618,14
33619,20
33620,23
33621,0
33622,13
33623,9
33624,10
33625,10
33626,13
33627,5
33628,13
33629,19
33630,22
33631,4
33632,15
33633,17
33634,6
33635,2
33636,24
33637,16
33638,14
33639,14
33640,3
33641,0
33642,14
33643,9
33644,20
33645,3
33646,21
33647,16
33648,3
33649,12
33650,18
33651,3
33652,13
33653,23
33654,12
33655,8
33656,17
33657,16
33658,7
33659,10
33660,4
33661,20
33662,19
33663,7
33664,11
33665,17
33666,11
33667,13
33668,25
33669,4
33670,14
33671,15
33672,7
33673,15
33674,19
33675,22
33676,5
33677,12
33678,24
33679,16
33680,3
33681,0
33682,1
33683,23
33684,3
33685,24
33686,9
33687,24
33688,2
33689,9
33690,8
33691,23
33692,16
33693,3
33694,18
33695,14
33696,11
33697,24
33698,3
33699,5
33700,25
33701,6
33702,9
33703,11
33704,19
33705,1
33706,1
33707,20
33708,7
33709,21
33710,17
33711,1
33712,1
33713,13
33714,1
33715,9
33716,22
33717,18
33718,5
33719,14
33720,11
33721,16
33722,21
33723,12
33724,19
33725,15
33726,0
33727,16
33728,11
33729,23
33730,15
33731,19
33732,14
33733,0
33734,8
33735,17
33736,10
33737,12
33738,16
33739,4
33740,3
33741,9
33742,20
33743,7
33744,24
33745,24
33746,5
33747,2
33748,19
33749,13
33750,0
33751,17
33752,9
33753,3
33754,25
33755,5
33756,4
33757,20
33758,22
33759,7
33760,1
33761,21
33762,4
33763,13
33764,12
33765,12
33766,12
33767,8
33768,14
33769,9
33770,11
33771,10
33772,17
33773,18
33774,6
33775,9
33776,18
33777,23
33778,0
33779,18
33780,11
33781,11
33782,17
33783,1
33784,15
33785,12
33786,25
33787,7
33788,4
33789,24
33790,0
33791,3
33792,13
33793,7
33794,1
33795,5
33796,4
33797,8
33798,5
33799,16
33800,20
33801,12
33802,25
33803,25
33804,4
33805,19
33806,25
33807,17
33808,19
33809,4
33810,20
33811,9
33812,9
33813,10
33814,18
33815,14
33816,6
33817,5
33818,22
33819,4
33820,3
33821,16
33822,12
33823,12
33824,15
33825,9
33826,2
33827,21
33828,24
33829,11
33830,14
33831,18
33832,1
33833,21
33834,12
33835,24
33836,19
33837,0
33838,14
33839,0
33840,20
33841,24
33842,2
33843,10
33844,0
33845,23
33846,24
33847,19
33848,25
33849,18
33850,24
33851,10
33852,25
33853,10
33854,17
33855,10
33856,7
33857,23
33858,7
33859,2
33860,19
33861,4
33862,15
33863,8
33864,15
33865,25
33866,8
33867,12
33868,10
33869,4
33870,11
33871,8
33872,9
33873,18
33874,3
33875,18
33876,22
33877,19
33878,22
33879,3
33880,20
33881,12
33882,13
33883,19
33884,25
33885,25
33886,0
33887,17
33888,0
33889,22
33890,0
33891,23
33892,19
33893,2
33894,25
33895,1
33896,1
33897,9
33898,3
33899,10
33900,3
33901,9
33902,13
33903,3
33904,19
33905,7
33906,20
33907,14
33908,7
33909,6
33910,16
33911,7
33912,25
33913,13
33914,18
33915,20
33916,24
33917,18
33918,21
33919,11
33920,22
33921,12
33922,2
33923,24
33924,13
33925,22
33926,18
33927,6
33928,2
33929,22
33930,9
33931,20
33932,0
33933,25
33934,17
33935,12
33936,25
33937,1
33938,7
33939,8
33940,1
33941,23
33942,8
33943,2
33944,15
33945,8
33946,5
33947,20
33948,25
33949,6
33950,6
33951,14
33952,25
33953,14
33954,12
33955,2
33956,6
33957,19
33958,4
33959,6
33960,14
33961,12
33962,10
33963,11
33964,18
33965,13
33966,4
33967,20
33968,18
33969,17
33970,5
33971,2
33972,2
33973,9
33974,17
33975,5
33976,5
33977,1
33978,17
33979,20
33980,13
33981,22
33982,22
33983,20
33984,14
33985,14
33986,3
33987,22
33988,21
33989,6
33990,16
33991,15
33992,11
33993,7
33994,2
33995,5
33996,18
33997,2
33998,19
33999,2
34000,9
34001,25
34002,5
34003,7
34004,10
34005,20
34006,24
34007,23
34008,23
34009,9
34010,16
34011,20
34012,5
34013,4
34014,8
34015,16
34016,15
34017,1
34018,16
34019,20
34020,9
34021,16
34022,10
34023,10
34024,11
34025,12
34026,13
34027,2
34028,9
34029,17
34030,14
34031,12
34032,17
34033,20
34034,19
34035,20
34036,20
34037,2
34038,18
34039,10
34040,6
34041,21
34042,10
34043,4
34044,17
34045,6
34046,0
34047,22
34048,18
34049,19
34050,5
34051,6
34052,0
34053,3
34054,13
34055,14
34056,22
34057,5
34058,7
34059,10
34060,23
34061,12
34062,15
34063,7
34064,3
34065,12
34066,16
34067,10
34068,25
34069,8
34070,22
34071,1
34072,19
34073,4
34074,1
34075,1
34076,6
34077,3
34078,24
34079,8
34080,21
34081,19
34082,7
34083,4
34084,0
34085,13
34086,14
34087,24
34088,9
34089,18
34090,17
34091,20
34092,5
34093,0
34094,4
34095,12
34096,9
34097,1
34098,11
34099,5
34100,22
34101,3
34102,23
34103,13
34104,15
34105,14
34106,1
34107,2
34108,0
34109,6
34110,4
34111,17
34112,10
34113,24
34114,9
34115,10
34116,10
34117,13
34118,5
34119,5
34120,9
34121,19
34122,11
34123,16
34124,11
34125,22
34126,21
34127,17
34128,18
34129,18
34130,6
34131,14
34132,22
34133,3
34134,7
34135,8
34136,15
34137,0
34138,25
34139,1
34140,0
34141,6
34142,13
34143,24
34144,11
34145,18
34146,20
34147,1
34148,6
34149,4
34150,7
34151,5
34152,25
34153,19
34154,21
34155,17
34156,11
34157,15
34158,3
34159,22
34160,20
34161,21
34162,16
34163,10
34164,5
34165,13
34166,24
34167,25
34168,16
34169,4
34170,2
34171,22
34172,16
34173,4
34174,24
34175,10
34176,3
34177,16
34178,2
34179,15
34180,1
34181,21
34182,11
34183,8
34184,6
34185,11
34186,3
34187,23
34188,25
34189,10
34190,2
34191,12
34192,8
34193,5
34194,22
34195,10
34196,9
34197,21
34198,8
34199,9
34200,19
34201,13
34202,16
34203,12
34204,24
34205,9
34206,7
34207,0
34208,21
34209,1
34210,13
34211,5
34212,8
34213,22
34214,19
34215,13
34216,14
34217,8
34218,16
34219,20
34220,17
34221,8
34222,14
34223,11
34224,20
34225,17
34226,22
34227,6
34228,12
34229,4
34230,18
34231,9
34232,3
34233,9
34234,0
34235,25
34236,1
34237,3
34238,10
34239,15
34240,6
34241,17
34242,18
34243,15
34244,7
34245,17
34246,19
34247,12
34248,7
34249,16
34250,13
34251,9
34252,1
34253,16
34254,16
34255,24
34256,19
34257,22
34258,5
34259,1
34260,20
34261,13
34262,25
34263,10
34264,21
34265,13
34266,18
34267,15
34268,15
34269,21
34270,6
34271,2
34272,0
34273,12
34274,6
34275,14
34276,11
34277,13
34278,11
34279,1
34280,12
34281,13
34282,21
34283,0
34284,15
34285,25
34286,2
34287,25
34288,22
34289,19
34290,13
34291,4
34292,22
34293,23
34294,6
34295,23
34296,21
34297,5
34298,5
34299,8
34300,23
34301,19
34302,8
34303,24
34304,1
34305,25
34306,8
34307,6
34308,6
34309,24
34310,20
34311,0
34312,10
34313,20
34314,19
34315,12
34316,21
34317,1
34318,21
34319,15
34320,8
34321,17
34322,13
34323,13
34324,1
34325,15
34326,12
34327,3
34328,22
34329,19
34330,9
34331,15
34332,25
34333,14
34334,4
34335,24
34336,9
34337,9
34338,0
34339,13
34340,16
34341,5
34342,1
34343,23
34344,14
34345,14
34346,6
34347,10
34348,13
34349,17
34350,7
34351,6
34352,21
34353,4
34354,5
34355,9
34356,21
34357,22
34358,13
34359,13
34360,15
34361,4
34362,0
34363,13
34364,25
34365,20
34366,7
34367,10
34368,9
34369,23
34370,16
34371,11
34372,7
34373,12
34374,15
34375,19
34376,3
34377,0
34378,24
34379,2
34380,24
34381,7
34382,14
34383,5
34384,17
34385,0
34386,21
34387,18
34388,25
34389,22
34390,19
34391,0
34392,9
34393,12
34394,9
34395,14
34396,6
34397,13
34398,16
34399,3
34400,11
34401,1
34402,7
34403,22
34404,19
34405,8
34406,21
34407,9
34408,6
34409,11
34410,6
34411,19
34412,23
34413,20
34414,0
34415,25
34416,21
34417,2
34418,12
34419,2
34420,25
34421,8
34422,14
34423,4
34424,10
34425,23
34426,23
34427,3
34428,23
34429,7
34430,2
34431,16
34432,5
34433,22
34434,24
34435,9
34436,21
34437,19
34438,22
34439,21
34440,20
34441,14
34442,0
34443,8
34444,9
34445,24
34446,9
34447,18
34448,19
34449,18
34450,20
34451,6
34452,15
34453,17
34454,20
34455,19
34456,25
34457,14
34458,18
34459,9
34460,21
34461,13
34462,1
34463,16
34464,24
34465,19
34466,2
34467,15
34468,5
34469,2
34470,22
34471,24
34472,24
34473,24
34474,12
34475,8
34476,8
34477,13
34478,17
34479,7
34480,2
34481,12
34482,10
34483,17
34484,20
34485,1
34486,15
34487,24
34488,14
34489,2
34490,13
34491,9
34492,16
34493,3
34494,13
34495,6
34496,0
34497,19
34498,18
34499,11
34500,11
34501,14
34502,21
34503,25
34504,4
34505,16
34506,17
34507,21
34508,5
34509,16
34510,18
34511,12
34512,13
34513,2
34514,4
34515,5
34516,5
34517,24
34518,10
34519,17
34520,23
34521,23
34522,10
34523,15
34524,23
34525,4
34526,19
34527,2
34528,23
34529,4
34530,16
34531,11
34532,14
34533,24
34534,16
34535,19
34536,5
34537,22
34538,3
34539,20
34540,21
34541,6
34542,15
34543,11
34544,5
34545,1
34546,16
34547,11
34548,1
34549,21
34550,23
34551,17
34552,19
34553,6
34554,23
34555,24
34556,21
34557,15
34558,25
34559,1
34560,14
34561,7
34562,11
34563,17
34564,23
34565,20
34566,2
34567,19
34568,10
34569,3
34570,4
34571,4
34572,24
34573,1
34574,21
34575,0
34576,23
34577,0
34578,1
34579,25
34580,22
34581,10
34582,21
34583,20
34584,20
34585,15
34586,4
34587,11
34588,12
34589,2
34590,8
34591,5
34592,20
34593,6
34594,12
34595,10
34596,1
34597,1
34598,14
34599,9
34600,17
34601,18
34602,23
34603,6
34604,0
34605,25
34606,14
34607,0
34608,20
34609,24
34610,14
34611,13
34612,5
34613,0
34614,2
34615,14
34616,9
34617,13
34618,20
34619,14
34620,8
34621,8
34622,22
34623,19
34624,12
34625,8
34626,18
34627,21